k_therm (W/(m*K)),alpha_cte (1/K),E_mod (Pa),Cp_ (J/(kg*K)),rho_ (kg/m^3),Time (s),Temperature (K),von Mises stress (N/m^2)
21.59770556,9.46E-06,4.48E+11,674.9733644,6934.831164,0,293.1500004,1.324557497
21.59770556,9.46E-06,4.48E+11,674.9733644,6934.831164,0.5,320.8276859,1.15E+08
21.59770556,9.46E-06,4.48E+11,674.9733644,6934.831164,1,373.2492438,3.24E+08
21.59770556,9.46E-06,4.48E+11,674.9733644,6934.831164,1.5,443.0523537,5.96E+08
21.59770556,9.46E-06,4.48E+11,674.9733644,6934.831164,2,526.8018429,9.22E+08
21.59770556,9.46E-06,4.48E+11,674.9733644,6934.831164,2.5,622.1520548,1.29E+09
21.59770556,9.46E-06,4.48E+11,674.9733644,6934.831164,3,727.6740068,1.71E+09
21.59770556,9.46E-06,4.48E+11,674.9733644,6934.831164,3.5,842.4995067,2.16E+09
21.59770556,9.46E-06,4.48E+11,674.9733644,6934.831164,4,965.4870925,2.65E+09
21.59770556,9.46E-06,4.48E+11,674.9733644,6934.831164,4.5,1095.976204,3.16E+09
21.59770556,9.46E-06,4.48E+11,674.9733644,6934.831164,5,1225.457555,3.68E+09
21.59770556,9.46E-06,4.48E+11,674.9733644,6934.831164,5.5,1341.437345,4.16E+09
21.59770556,9.46E-06,4.48E+11,674.9733644,6934.831164,6,1439.380397,4.56E+09
21.59770556,9.46E-06,4.48E+11,674.9733644,6934.831164,6.5,1525.782113,4.93E+09
21.59770556,9.46E-06,4.48E+11,674.9733644,6934.831164,7,1603.352629,5.26E+09
21.59770556,9.46E-06,4.48E+11,674.9733644,6934.831164,7.5,1673.741721,5.56E+09
21.59770556,9.46E-06,4.48E+11,674.9733644,6934.831164,8,1738.191701,5.84E+09
21.59770556,9.46E-06,4.48E+11,674.9733644,6934.831164,8.5,1797.711599,6.09E+09
21.59770556,9.46E-06,4.48E+11,674.9733644,6934.831164,9,1853.075047,6.33E+09
21.59770556,9.46E-06,4.48E+11,674.9733644,6934.831164,9.5,1904.976459,6.56E+09
21.59770556,9.46E-06,4.48E+11,674.9733644,6934.831164,10,1954.004392,6.78E+09
22.60684974,6.17E-06,4.55E+11,638.8346726,8154.6496,0,293.1500003,0.787027132
22.60684974,6.17E-06,4.55E+11,638.8346726,8154.6496,0.5,318.7507596,7.08E+07
22.60684974,6.17E-06,4.55E+11,638.8346726,8154.6496,1,367.1994914,1.98E+08
22.60684974,6.17E-06,4.55E+11,638.8346726,8154.6496,1.5,431.7117937,3.65E+08
22.60684974,6.17E-06,4.55E+11,638.8346726,8154.6496,2,509.1593872,5.64E+08
22.60684974,6.17E-06,4.55E+11,638.8346726,8154.6496,2.5,597.4116865,7.92E+08
22.60684974,6.17E-06,4.55E+11,638.8346726,8154.6496,3,695.1655627,1.04E+09
22.60684974,6.17E-06,4.55E+11,638.8346726,8154.6496,3.5,801.6245227,1.32E+09
22.60684974,6.17E-06,4.55E+11,638.8346726,8154.6496,4,915.7388503,1.62E+09
22.60684974,6.17E-06,4.55E+11,638.8346726,8154.6496,4.5,1036.897551,1.94E+09
22.60684974,6.17E-06,4.55E+11,638.8346726,8154.6496,5,1157.231655,2.25E+09
22.60684974,6.17E-06,4.55E+11,638.8346726,8154.6496,5.5,1265.187138,2.54E+09
22.60684974,6.17E-06,4.55E+11,638.8346726,8154.6496,6,1356.532175,2.79E+09
22.60684974,6.17E-06,4.55E+11,638.8346726,8154.6496,6.5,1437.334084,3.02E+09
22.60684974,6.17E-06,4.55E+11,638.8346726,8154.6496,7,1510.040491,3.22E+09
22.60684974,6.17E-06,4.55E+11,638.8346726,8154.6496,7.5,1576.092612,3.41E+09
22.60684974,6.17E-06,4.55E+11,638.8346726,8154.6496,8,1636.675536,3.58E+09
22.60684974,6.17E-06,4.55E+11,638.8346726,8154.6496,8.5,1692.683677,3.74E+09
22.60684974,6.17E-06,4.55E+11,638.8346726,8154.6496,9,1744.822077,3.89E+09
22.60684974,6.17E-06,4.55E+11,638.8346726,8154.6496,9.5,1793.700594,4.03E+09
22.60684974,6.17E-06,4.55E+11,638.8346726,8154.6496,10,1839.921326,4.16E+09
18.13238738,7.96E-06,4.74E+11,539.983021,7499.964972,0,293.1500004,1.361407859
18.13238738,7.96E-06,4.74E+11,539.983021,7499.964972,0.5,325.598844,1.20E+08
18.13238738,7.96E-06,4.74E+11,539.983021,7499.964972,1,387.03122,3.38E+08
18.13238738,7.96E-06,4.74E+11,539.983021,7499.964972,1.5,468.8335803,6.22E+08
18.13238738,7.96E-06,4.74E+11,539.983021,7499.964972,2,567.0096193,9.61E+08
18.13238738,7.96E-06,4.74E+11,539.983021,7499.964972,2.5,678.8335615,1.35E+09
18.13238738,7.96E-06,4.74E+11,539.983021,7499.964972,3,802.6414545,1.78E+09
18.13238738,7.96E-06,4.74E+11,539.983021,7499.964972,3.5,937.4193222,2.25E+09
18.13238738,7.96E-06,4.74E+11,539.983021,7499.964972,4,1081.832484,2.76E+09
18.13238738,7.96E-06,4.74E+11,539.983021,7499.964972,4.5,1235.106372,3.30E+09
18.13238738,7.96E-06,4.74E+11,539.983021,7499.964972,5,1387.266003,3.84E+09
18.13238738,7.96E-06,4.74E+11,539.983021,7499.964972,5.5,1523.666249,4.33E+09
18.13238738,7.96E-06,4.74E+11,539.983021,7499.964972,6,1639.045898,4.76E+09
18.13238738,7.96E-06,4.74E+11,539.983021,7499.964972,6.5,1740.905463,5.14E+09
18.13238738,7.96E-06,4.74E+11,539.983021,7499.964972,7,1832.333945,5.49E+09
18.13238738,7.96E-06,4.74E+11,539.983021,7499.964972,7.5,1915.465044,5.80E+09
18.13238738,7.96E-06,4.74E+11,539.983021,7499.964972,8,1991.633878,6.09E+09
18.13238738,7.96E-06,4.74E+11,539.983021,7499.964972,8.5,2062.012464,6.36E+09
18.13238738,7.96E-06,4.74E+11,539.983021,7499.964972,9,2127.501041,6.62E+09
18.13238738,7.96E-06,4.74E+11,539.983021,7499.964972,9.5,2188.957083,6.86E+09
18.13238738,7.96E-06,4.74E+11,539.983021,7499.964972,10,2246.95916,7.08E+09
13.27175877,7.33E-06,4.50E+11,678.0035904,7627.710216,0,293.1500003,0.93164017
13.27175877,7.33E-06,4.50E+11,678.0035904,7627.710216,0.5,326.2831551,1.10E+08
13.27175877,7.33E-06,4.50E+11,678.0035904,7627.710216,1,388.5306981,3.08E+08
13.27175877,7.33E-06,4.50E+11,678.0035904,7627.710216,1.5,471.1734487,5.63E+08
13.27175877,7.33E-06,4.50E+11,678.0035904,7627.710216,2,570.5273714,8.67E+08
13.27175877,7.33E-06,4.50E+11,678.0035904,7627.710216,2.5,684.233347,1.21E+09
13.27175877,7.33E-06,4.50E+11,678.0035904,7627.710216,3,810.8546675,1.59E+09
13.27175877,7.33E-06,4.50E+11,678.0035904,7627.710216,3.5,949.4904925,2.01E+09
13.27175877,7.33E-06,4.50E+11,678.0035904,7627.710216,4,1098.926086,2.47E+09
13.27175877,7.33E-06,4.50E+11,678.0035904,7627.710216,4.5,1258.422007,2.95E+09
13.27175877,7.33E-06,4.50E+11,678.0035904,7627.710216,5,1417.873078,3.43E+09
13.27175877,7.33E-06,4.50E+11,678.0035904,7627.710216,5.5,1562.423664,3.87E+09
13.27175877,7.33E-06,4.50E+11,678.0035904,7627.710216,6,1686.679807,4.26E+09
13.27175877,7.33E-06,4.50E+11,678.0035904,7627.710216,6.5,1798.523395,4.61E+09
13.27175877,7.33E-06,4.50E+11,678.0035904,7627.710216,7,1900.886501,4.93E+09
13.27175877,7.33E-06,4.50E+11,678.0035904,7627.710216,7.5,1995.228738,5.23E+09
13.27175877,7.33E-06,4.50E+11,678.0035904,7627.710216,8,2082.859389,5.52E+09
13.27175877,7.33E-06,4.50E+11,678.0035904,7627.710216,8.5,2164.736631,5.78E+09
13.27175877,7.33E-06,4.50E+11,678.0035904,7627.710216,9,2241.611417,6.03E+09
13.27175877,7.33E-06,4.50E+11,678.0035904,7627.710216,9.5,2314.152522,6.27E+09
13.27175877,7.33E-06,4.50E+11,678.0035904,7627.710216,10,2383.076152,6.50E+09
9.89637627,9.06E-06,4.41E+11,627.3022054,6256.406391,0,293.1500004,1.488474208
9.89637627,9.06E-06,4.41E+11,627.3022054,6256.406391,0.5,337.183233,1.77E+08
9.89637627,9.06E-06,4.41E+11,627.3022054,6256.406391,1,420.1913679,4.97E+08
9.89637627,9.06E-06,4.41E+11,627.3022054,6256.406391,1.5,529.7769487,9.09E+08
9.89637627,9.06E-06,4.41E+11,627.3022054,6256.406391,2,661.7721703,1.40E+09
9.89637627,9.06E-06,4.41E+11,627.3022054,6256.406391,2.5,812.961339,1.95E+09
9.89637627,9.06E-06,4.41E+11,627.3022054,6256.406391,3,981.2595806,2.57E+09
9.89637627,9.06E-06,4.41E+11,627.3022054,6256.406391,3.5,1165.258951,3.24E+09
9.89637627,9.06E-06,4.41E+11,627.3022054,6256.406391,4,1363.819674,3.97E+09
9.89637627,9.06E-06,4.41E+11,627.3022054,6256.406391,4.5,1575.855523,4.75E+09
9.89637627,9.06E-06,4.41E+11,627.3022054,6256.406391,5,1794.746991,5.56E+09
9.89637627,9.06E-06,4.41E+11,627.3022054,6256.406391,5.5,1986.385751,6.27E+09
9.89637627,9.06E-06,4.41E+11,627.3022054,6256.406391,6,2151.210551,6.88E+09
9.89637627,9.06E-06,4.41E+11,627.3022054,6256.406391,6.5,2299.410136,7.44E+09
9.89637627,9.06E-06,4.41E+11,627.3022054,6256.406391,7,2434.90276,7.96E+09
9.89637627,9.06E-06,4.41E+11,627.3022054,6256.406391,7.5,2560.007821,8.45E+09
9.89637627,9.06E-06,4.41E+11,627.3022054,6256.406391,8,2676.346315,8.90E+09
9.89637627,9.06E-06,4.41E+11,627.3022054,6256.406391,8.5,2785.65567,9.33E+09
9.89637627,9.06E-06,4.41E+11,627.3022054,6256.406391,9,2888.286548,9.74E+09
9.89637627,9.06E-06,4.41E+11,627.3022054,6256.406391,9.5,2985.347684,1.01E+10
9.89637627,9.06E-06,4.41E+11,627.3022054,6256.406391,10,3076.814544,1.05E+10
19.19955153,6.47E-06,4.06E+11,646.6496414,6223.08593,0,293.1500004,0.954865755
19.19955153,6.47E-06,4.06E+11,646.6496414,6223.08593,0.5,324.8387938,8.18E+07
19.19955153,6.47E-06,4.06E+11,646.6496414,6223.08593,1,384.8848716,2.29E+08
19.19955153,6.47E-06,4.06E+11,646.6496414,6223.08593,1.5,464.8375888,4.23E+08
19.19955153,6.47E-06,4.06E+11,646.6496414,6223.08593,2,560.7292815,6.54E+08
19.19955153,6.47E-06,4.06E+11,646.6496414,6223.08593,2.5,670.1753845,9.19E+08
19.19955153,6.47E-06,4.06E+11,646.6496414,6223.08593,3,790.9238184,1.21E+09
19.19955153,6.47E-06,4.06E+11,646.6496414,6223.08593,3.5,922.0202835,1.53E+09
19.19955153,6.47E-06,4.06E+11,646.6496414,6223.08593,4,1062.611006,1.88E+09
19.19955153,6.47E-06,4.06E+11,646.6496414,6223.08593,4.5,1211.438459,2.24E+09
19.19955153,6.47E-06,4.06E+11,646.6496414,6223.08593,5,1365.670736,2.63E+09
19.19955153,6.47E-06,4.06E+11,646.6496414,6223.08593,5.5,1497.13702,2.96E+09
19.19955153,6.47E-06,4.06E+11,646.6496414,6223.08593,6,1608.233367,3.25E+09
19.19955153,6.47E-06,4.06E+11,646.6496414,6223.08593,6.5,1705.873402,3.50E+09
19.19955153,6.47E-06,4.06E+11,646.6496414,6223.08593,7,1793.314743,3.73E+09
19.19955153,6.47E-06,4.06E+11,646.6496414,6223.08593,7.5,1872.624683,3.95E+09
19.19955153,6.47E-06,4.06E+11,646.6496414,6223.08593,8,1945.668064,4.14E+09
19.19955153,6.47E-06,4.06E+11,646.6496414,6223.08593,8.5,2013.203538,4.32E+09
19.19955153,6.47E-06,4.06E+11,646.6496414,6223.08593,9,2076.296725,4.49E+09
19.19955153,6.47E-06,4.06E+11,646.6496414,6223.08593,9.5,2134.911558,4.65E+09
19.19955153,6.47E-06,4.06E+11,646.6496414,6223.08593,10,2190.199501,4.80E+09
19.63373163,6.55E-06,5.48E+11,549.4859084,6435.854903,0,293.1500005,1.484156173
19.63373163,6.55E-06,5.48E+11,549.4859084,6435.854903,0.5,326.7218985,1.18E+08
19.63373163,6.55E-06,5.48E+11,549.4859084,6435.854903,1,390.4582112,3.30E+08
19.63373163,6.55E-06,5.48E+11,549.4859084,6435.854903,1.5,475.2759604,6.10E+08
19.63373163,6.55E-06,5.48E+11,549.4859084,6435.854903,2,576.7942982,9.45E+08
19.63373163,6.55E-06,5.48E+11,549.4859084,6435.854903,2.5,692.3768602,1.33E+09
19.63373163,6.55E-06,5.48E+11,549.4859084,6435.854903,3,819.5752803,1.75E+09
19.63373163,6.55E-06,5.48E+11,549.4859084,6435.854903,3.5,957.3718599,2.21E+09
19.63373163,6.55E-06,5.48E+11,549.4859084,6435.854903,4,1104.860979,2.71E+09
19.63373163,6.55E-06,5.48E+11,549.4859084,6435.854903,4.5,1260.713184,3.24E+09
19.63373163,6.55E-06,5.48E+11,549.4859084,6435.854903,5,1421.937813,3.79E+09
19.63373163,6.55E-06,5.48E+11,549.4859084,6435.854903,5.5,1558.767132,4.27E+09
19.63373163,6.55E-06,5.48E+11,549.4859084,6435.854903,6,1673.597787,4.68E+09
19.63373163,6.55E-06,5.48E+11,549.4859084,6435.854903,6.5,1773.928442,5.04E+09
19.63373163,6.55E-06,5.48E+11,549.4859084,6435.854903,7,1863.253738,5.36E+09
19.63373163,6.55E-06,5.48E+11,549.4859084,6435.854903,7.5,1943.933864,5.66E+09
19.63373163,6.55E-06,5.48E+11,549.4859084,6435.854903,8,2018.129647,5.93E+09
19.63373163,6.55E-06,5.48E+11,549.4859084,6435.854903,8.5,2086.558912,6.19E+09
19.63373163,6.55E-06,5.48E+11,549.4859084,6435.854903,9,2150.314278,6.42E+09
19.63373163,6.55E-06,5.48E+11,549.4859084,6435.854903,9.5,2209.547961,6.64E+09
19.63373163,6.55E-06,5.48E+11,549.4859084,6435.854903,10,2265.276414,6.85E+09
16.17542063,8.32E-06,5.13E+11,658.9758243,8239.118951,0,293.1500003,1.150828889
16.17542063,8.32E-06,5.13E+11,658.9758243,8239.118951,0.5,322.532575,1.25E+08
16.17542063,8.32E-06,5.13E+11,658.9758243,8239.118951,1,377.8409508,3.52E+08
16.17542063,8.32E-06,5.13E+11,658.9758243,8239.118951,1.5,451.3606104,6.45E+08
16.17542063,8.32E-06,5.13E+11,658.9758243,8239.118951,2,539.7622874,9.93E+08
16.17542063,8.32E-06,5.13E+11,658.9758243,8239.118951,2.5,640.8672528,1.39E+09
16.17542063,8.32E-06,5.13E+11,658.9758243,8239.118951,3,753.3373467,1.83E+09
16.17542063,8.32E-06,5.13E+11,658.9758243,8239.118951,3.5,876.3344139,2.31E+09
16.17542063,8.32E-06,5.13E+11,658.9758243,8239.118951,4,1008.735178,2.83E+09
16.17542063,8.32E-06,5.13E+11,658.9758243,8239.118951,4.5,1149.863115,3.39E+09
16.17542063,8.32E-06,5.13E+11,658.9758243,8239.118951,5,1290.728861,3.95E+09
16.17542063,8.32E-06,5.13E+11,658.9758243,8239.118951,5.5,1418.124805,4.46E+09
16.17542063,8.32E-06,5.13E+11,658.9758243,8239.118951,6,1527.220135,4.90E+09
16.17542063,8.32E-06,5.13E+11,658.9758243,8239.118951,6.5,1625.024239,5.30E+09
16.17542063,8.32E-06,5.13E+11,658.9758243,8239.118951,7,1714.122234,5.67E+09
16.17542063,8.32E-06,5.13E+11,658.9758243,8239.118951,7.5,1795.886242,6.02E+09
16.17542063,8.32E-06,5.13E+11,658.9758243,8239.118951,8,1871.538824,6.34E+09
16.17542063,8.32E-06,5.13E+11,658.9758243,8239.118951,8.5,1941.986818,6.64E+09
16.17542063,8.32E-06,5.13E+11,658.9758243,8239.118951,9,2007.942542,6.92E+09
16.17542063,8.32E-06,5.13E+11,658.9758243,8239.118951,9.5,2070.028151,7.19E+09
16.17542063,8.32E-06,5.13E+11,658.9758243,8239.118951,10,2129.022118,7.44E+09
18.37109193,6.49E-06,4.00E+11,505.9742718,7656.539344,0,293.1500005,0.980566384
18.37109193,6.49E-06,4.00E+11,505.9742718,7656.539344,0.5,326.1617536,8.42E+07
18.37109193,6.49E-06,4.00E+11,505.9742718,7656.539344,1,388.709505,2.36E+08
18.37109193,6.49E-06,4.00E+11,505.9742718,7656.539344,1.5,471.994012,4.35E+08
18.37109193,6.49E-06,4.00E+11,505.9742718,7656.539344,2,571.8886074,6.73E+08
18.37109193,6.49E-06,4.00E+11,505.9742718,7656.539344,2.5,685.9137008,9.46E+08
18.37109193,6.49E-06,4.00E+11,505.9742718,7656.539344,3,811.7261079,1.25E+09
18.37109193,6.49E-06,4.00E+11,505.9742718,7656.539344,3.5,948.3321713,1.58E+09
18.37109193,6.49E-06,4.00E+11,505.9742718,7656.539344,4,1094.842702,1.93E+09
18.37109193,6.49E-06,4.00E+11,505.9742718,7656.539344,4.5,1249.947768,2.31E+09
18.37109193,6.49E-06,4.00E+11,505.9742718,7656.539344,5,1410.69702,2.71E+09
18.37109193,6.49E-06,4.00E+11,505.9742718,7656.539344,5.5,1547.763264,3.05E+09
18.37109193,6.49E-06,4.00E+11,505.9742718,7656.539344,6,1663.605451,3.34E+09
18.37109193,6.49E-06,4.00E+11,505.9742718,7656.539344,6.5,1765.438085,3.61E+09
18.37109193,6.49E-06,4.00E+11,505.9742718,7656.539344,7,1856.644286,3.85E+09
18.37109193,6.49E-06,4.00E+11,505.9742718,7656.539344,7.5,1939.388632,4.06E+09
18.37109193,6.49E-06,4.00E+11,505.9742718,7656.539344,8,2015.618953,4.27E+09
18.37109193,6.49E-06,4.00E+11,505.9742718,7656.539344,8.5,2086.10036,4.45E+09
18.37109193,6.49E-06,4.00E+11,505.9742718,7656.539344,9,2151.930655,4.63E+09
18.37109193,6.49E-06,4.00E+11,505.9742718,7656.539344,9.5,2213.113108,4.79E+09
18.37109193,6.49E-06,4.00E+11,505.9742718,7656.539344,10,2270.800779,4.95E+09
7.706935756,9.39E-06,4.72E+11,515.8809883,6243.816301,0,293.1500005,2.013987736
7.706935756,9.39E-06,4.72E+11,515.8809883,6243.816301,0.5,348.1689008,2.45E+08
7.706935756,9.39E-06,4.72E+11,515.8809883,6243.816301,1,452.0526966,6.92E+08
7.706935756,9.39E-06,4.72E+11,515.8809883,6243.816301,1.5,588.8337442,1.26E+09
7.706935756,9.39E-06,4.72E+11,515.8809883,6243.816301,2,753.3954986,1.94E+09
7.706935756,9.39E-06,4.72E+11,515.8809883,6243.816301,2.5,942.3170802,2.71E+09
7.706935756,9.39E-06,4.72E+11,515.8809883,6243.816301,3,1152.370597,3.57E+09
7.706935756,9.39E-06,4.72E+11,515.8809883,6243.816301,3.5,1382.127105,4.50E+09
7.706935756,9.39E-06,4.72E+11,515.8809883,6243.816301,4,1630.278096,5.51E+09
7.706935756,9.39E-06,4.72E+11,515.8809883,6243.816301,4.5,1894.810217,6.59E+09
7.706935756,9.39E-06,4.72E+11,515.8809883,6243.816301,5,2170.904873,7.72E+09
7.706935756,9.39E-06,4.72E+11,515.8809883,6243.816301,5.5,2409.89567,8.70E+09
7.706935756,9.39E-06,4.72E+11,515.8809883,6243.816301,6,2616.213117,9.55E+09
7.706935756,9.39E-06,4.72E+11,515.8809883,6243.816301,6.5,2802.031211,1.03E+10
7.706935756,9.39E-06,4.72E+11,515.8809883,6243.816301,7,2972.154095,1.11E+10
7.706935756,9.39E-06,4.72E+11,515.8809883,6243.816301,7.5,3129.468327,1.17E+10
7.706935756,9.39E-06,4.72E+11,515.8809883,6243.816301,8,3276.47581,1.24E+10
7.706935756,9.39E-06,4.72E+11,515.8809883,6243.816301,8.5,3414.170563,1.30E+10
7.706935756,9.39E-06,4.72E+11,515.8809883,6243.816301,9,3544.04372,1.35E+10
7.706935756,9.39E-06,4.72E+11,515.8809883,6243.816301,9.5,3666.083379,1.41E+10
7.706935756,9.39E-06,4.72E+11,515.8809883,6243.816301,10,3781.930666,1.46E+10
20.38911253,8.42E-06,5.42E+11,558.6246673,8402.914363,0,293.1500004,1.420804427
20.38911253,8.42E-06,5.42E+11,558.6246673,8402.914363,0.5,321.5505388,1.28E+08
20.38911253,8.42E-06,5.42E+11,558.6246673,8402.914363,1,375.2956111,3.58E+08
20.38911253,8.42E-06,5.42E+11,558.6246673,8402.914363,1.5,446.8606352,6.59E+08
20.38911253,8.42E-06,5.42E+11,558.6246673,8402.914363,2,532.7744534,1.02E+09
20.38911253,8.42E-06,5.42E+11,558.6246673,8402.914363,2.5,630.6729056,1.43E+09
20.38911253,8.42E-06,5.42E+11,558.6246673,8402.914363,3,739.1100858,1.88E+09
20.38911253,8.42E-06,5.42E+11,558.6246673,8402.914363,3.5,857.202311,2.38E+09
20.38911253,8.42E-06,5.42E+11,558.6246673,8402.914363,4,983.7849982,2.92E+09
20.38911253,8.42E-06,5.42E+11,558.6246673,8402.914363,4.5,1118.180354,3.50E+09
20.38911253,8.42E-06,5.42E+11,558.6246673,8402.914363,5,1251.659198,4.07E+09
20.38911253,8.42E-06,5.42E+11,558.6246673,8402.914363,5.5,1371.404785,4.59E+09
20.38911253,8.42E-06,5.42E+11,558.6246673,8402.914363,6,1472.761487,5.04E+09
20.38911253,8.42E-06,5.42E+11,558.6246673,8402.914363,6.5,1562.386364,5.45E+09
20.38911253,8.42E-06,5.42E+11,558.6246673,8402.914363,7,1642.979625,5.81E+09
20.38911253,8.42E-06,5.42E+11,558.6246673,8402.914363,7.5,1716.240156,6.15E+09
20.38911253,8.42E-06,5.42E+11,558.6246673,8402.914363,8,1783.43175,6.46E+09
20.38911253,8.42E-06,5.42E+11,558.6246673,8402.914363,8.5,1845.548228,6.75E+09
20.38911253,8.42E-06,5.42E+11,558.6246673,8402.914363,9,1903.371846,7.02E+09
20.38911253,8.42E-06,5.42E+11,558.6246673,8402.914363,9.5,1957.606137,7.27E+09
20.38911253,8.42E-06,5.42E+11,558.6246673,8402.914363,10,2008.859148,7.51E+09
9.501317903,8.94E-06,4.34E+11,625.1921407,7388.792583,0,293.1500004,1.227398212
9.501317903,8.94E-06,4.34E+11,625.1921407,7388.792583,0.5,334.4014795,1.61E+08
9.501317903,8.94E-06,4.34E+11,625.1921407,7388.792583,1,411.7234323,4.54E+08
9.501317903,8.94E-06,4.34E+11,625.1921407,7388.792583,1.5,514.1641479,8.32E+08
9.501317903,8.94E-06,4.34E+11,625.1921407,7388.792583,2,637.2181039,1.28E+09
9.501317903,8.94E-06,4.34E+11,625.1921407,7388.792583,2.5,778.0841753,1.78E+09
9.501317903,8.94E-06,4.34E+11,625.1921407,7388.792583,3,935.0903094,2.34E+09
9.501317903,8.94E-06,4.34E+11,625.1921407,7388.792583,3.5,1107.197478,2.95E+09
9.501317903,8.94E-06,4.34E+11,625.1921407,7388.792583,4,1292.996106,3.62E+09
9.501317903,8.94E-06,4.34E+11,625.1921407,7388.792583,4.5,1491.620303,4.32E+09
9.501317903,8.94E-06,4.34E+11,625.1921407,7388.792583,5,1690.557956,5.03E+09
9.501317903,8.94E-06,4.34E+11,625.1921407,7388.792583,5.5,1871.393084,5.67E+09
9.501317903,8.94E-06,4.34E+11,625.1921407,7388.792583,6,2027.523387,6.23E+09
9.501317903,8.94E-06,4.34E+11,625.1921407,7388.792583,6.5,2168.7677,6.74E+09
9.501317903,8.94E-06,4.34E+11,625.1921407,7388.792583,7,2298.775376,7.21E+09
9.501317903,8.94E-06,4.34E+11,625.1921407,7388.792583,7.5,2419.344573,7.66E+09
9.501317903,8.94E-06,4.34E+11,625.1921407,7388.792583,8,2531.963767,8.08E+09
9.501317903,8.94E-06,4.34E+11,625.1921407,7388.792583,8.5,2637.723249,8.48E+09
9.501317903,8.94E-06,4.34E+11,625.1921407,7388.792583,9,2737.465668,8.85E+09
9.501317903,8.94E-06,4.34E+11,625.1921407,7388.792583,9.5,2831.961986,9.21E+09
9.501317903,8.94E-06,4.34E+11,625.1921407,7388.792583,10,2921.980342,9.56E+09
12.65741665,6.40E-06,4.39E+11,587.4596852,8258.093684,0,293.1500004,0.846253757
12.65741665,6.40E-06,4.39E+11,587.4596852,8258.093684,0.5,328.1919002,9.87E+07
12.65741665,6.40E-06,4.39E+11,587.4596852,8258.093684,1,394.0383291,2.77E+08
12.65741665,6.40E-06,4.39E+11,587.4596852,8258.093684,1.5,481.4718407,5.07E+08
12.65741665,6.40E-06,4.39E+11,587.4596852,8258.093684,2,586.5891792,7.81E+08
12.65741665,6.40E-06,4.39E+11,587.4596852,8258.093684,2.5,706.8848281,1.09E+09
12.65741665,6.40E-06,4.39E+11,587.4596852,8258.093684,3,840.8311093,1.44E+09
12.65741665,6.40E-06,4.39E+11,587.4596852,8258.093684,3.5,987.469981,1.81E+09
12.65741665,6.40E-06,4.39E+11,587.4596852,8258.093684,4,1145.510378,2.22E+09
12.65741665,6.40E-06,4.39E+11,587.4596852,8258.093684,4.5,1314.167207,2.66E+09
12.65741665,6.40E-06,4.39E+11,587.4596852,8258.093684,5,1482.749201,3.09E+09
12.65741665,6.40E-06,4.39E+11,587.4596852,8258.093684,5.5,1635.540402,3.49E+09
12.65741665,6.40E-06,4.39E+11,587.4596852,8258.093684,6,1766.858281,3.84E+09
12.65741665,6.40E-06,4.39E+11,587.4596852,8258.093684,6.5,1884.982412,4.15E+09
12.65741665,6.40E-06,4.39E+11,587.4596852,8258.093684,7,1993.019065,4.44E+09
12.65741665,6.40E-06,4.39E+11,587.4596852,8258.093684,7.5,2092.567088,4.72E+09
12.65741665,6.40E-06,4.39E+11,587.4596852,8258.093684,8,2184.99169,4.97E+09
12.65741665,6.40E-06,4.39E+11,587.4596852,8258.093684,8.5,2271.314576,5.21E+09
12.65741665,6.40E-06,4.39E+11,587.4596852,8258.093684,9,2352.336567,5.44E+09
12.65741665,6.40E-06,4.39E+11,587.4596852,8258.093684,9.5,2428.785574,5.65E+09
12.65741665,6.40E-06,4.39E+11,587.4596852,8258.093684,10,2501.390313,5.86E+09
22.31102961,6.74E-06,5.07E+11,510.2731056,8280.790599,0,293.1500004,1.182171623
22.31102961,6.74E-06,5.07E+11,510.2731056,8280.790599,0.5,321.9191304,9.61E+07
22.31102961,6.74E-06,5.07E+11,510.2731056,8280.790599,1,376.5045992,2.70E+08
22.31102961,6.74E-06,5.07E+11,510.2731056,8280.790599,1.5,449.164126,4.98E+08
22.31102961,6.74E-06,5.07E+11,510.2731056,8280.790599,2,536.1953836,7.71E+08
22.31102961,6.74E-06,5.07E+11,510.2731056,8280.790599,2.5,635.0678384,1.08E+09
22.31102961,6.74E-06,5.07E+11,510.2731056,8280.790599,3,744.2570491,1.43E+09
22.31102961,6.74E-06,5.07E+11,510.2731056,8280.790599,3.5,862.8498624,1.81E+09
22.31102961,6.74E-06,5.07E+11,510.2731056,8280.790599,4,989.6513477,2.21E+09
22.31102961,6.74E-06,5.07E+11,510.2731056,8280.790599,4.5,1123.978566,2.65E+09
22.31102961,6.74E-06,5.07E+11,510.2731056,8280.790599,5,1256.985946,3.08E+09
22.31102961,6.74E-06,5.07E+11,510.2731056,8280.790599,5.5,1375.685606,3.47E+09
22.31102961,6.74E-06,5.07E+11,510.2731056,8280.790599,6,1475.40991,3.81E+09
22.31102961,6.74E-06,5.07E+11,510.2731056,8280.790599,6.5,1562.966457,4.11E+09
22.31102961,6.74E-06,5.07E+11,510.2731056,8280.790599,7,1641.143667,4.38E+09
22.31102961,6.74E-06,5.07E+11,510.2731056,8280.790599,7.5,1711.831915,4.62E+09
22.31102961,6.74E-06,5.07E+11,510.2731056,8280.790599,8,1776.369908,4.85E+09
22.31102961,6.74E-06,5.07E+11,510.2731056,8280.790599,8.5,1835.846928,5.06E+09
22.31102961,6.74E-06,5.07E+11,510.2731056,8280.790599,9,1891.087984,5.25E+09
22.31102961,6.74E-06,5.07E+11,510.2731056,8280.790599,9.5,1942.859354,5.43E+09
22.31102961,6.74E-06,5.07E+11,510.2731056,8280.790599,10,1991.692396,5.61E+09
23.94397882,7.25E-06,4.14E+11,631.9902559,7436.968979,0,293.1500004,0.933033964
23.94397882,7.25E-06,4.14E+11,631.9902559,7436.968979,0.5,319.453172,7.72E+07
23.94397882,7.25E-06,4.14E+11,631.9902559,7436.968979,1,369.3400295,2.17E+08
23.94397882,7.25E-06,4.14E+11,631.9902559,7436.968979,1.5,435.7543773,4.00E+08
23.94397882,7.25E-06,4.14E+11,631.9902559,7436.968979,2,515.3442537,6.19E+08
23.94397882,7.25E-06,4.14E+11,631.9902559,7436.968979,2.5,605.8176487,8.69E+08
23.94397882,7.25E-06,4.14E+11,631.9902559,7436.968979,3,705.7892876,1.15E+09
23.94397882,7.25E-06,4.14E+11,631.9902559,7436.968979,3.5,814.4261677,1.45E+09
23.94397882,7.25E-06,4.14E+11,631.9902559,7436.968979,4,930.6369639,1.78E+09
23.94397882,7.25E-06,4.14E+11,631.9902559,7436.968979,4.5,1053.795911,2.12E+09
23.94397882,7.25E-06,4.14E+11,631.9902559,7436.968979,5,1175.814862,2.47E+09
23.94397882,7.25E-06,4.14E+11,631.9902559,7436.968979,5.5,1284.817962,2.79E+09
23.94397882,7.25E-06,4.14E+11,631.9902559,7436.968979,6,1376.49888,3.06E+09
23.94397882,7.25E-06,4.14E+11,631.9902559,7436.968979,6.5,1457.104254,3.30E+09
23.94397882,7.25E-06,4.14E+11,631.9902559,7436.968979,7,1529.241032,3.52E+09
23.94397882,7.25E-06,4.14E+11,631.9902559,7436.968979,7.5,1594.48332,3.72E+09
23.94397882,7.25E-06,4.14E+11,631.9902559,7436.968979,8,1654.092466,3.90E+09
23.94397882,7.25E-06,4.14E+11,631.9902559,7436.968979,8.5,1709.055477,4.07E+09
23.94397882,7.25E-06,4.14E+11,631.9902559,7436.968979,9,1760.122546,4.23E+09
23.94397882,7.25E-06,4.14E+11,631.9902559,7436.968979,9.5,1807.961876,4.37E+09
23.94397882,7.25E-06,4.14E+11,631.9902559,7436.968979,10,1853.13141,4.51E+09
21.22688461,6.72E-06,4.65E+11,615.5357053,7527.630349,0,293.1500004,0.986189236
21.22688461,6.72E-06,4.65E+11,615.5357053,7527.630349,0.5,321.2051459,8.62E+07
21.22688461,6.72E-06,4.65E+11,615.5357053,7527.630349,1,374.3363441,2.42E+08
21.22688461,6.72E-06,4.65E+11,615.5357053,7527.630349,1.5,445.0846844,4.45E+08
21.22688461,6.72E-06,4.65E+11,615.5357053,7527.630349,2,529.9745995,6.89E+08
21.22688461,6.72E-06,4.65E+11,615.5357053,7527.630349,2.5,626.6334101,9.67E+08
21.22688461,6.72E-06,4.65E+11,615.5357053,7527.630349,3,733.6149437,1.28E+09
21.22688461,6.72E-06,4.65E+11,615.5357053,7527.630349,3.5,850.0399326,1.61E+09
21.22688461,6.72E-06,4.65E+11,615.5357053,7527.630349,4,974.752038,1.98E+09
21.22688461,6.72E-06,4.65E+11,615.5357053,7527.630349,4.5,1107.08164,2.36E+09
21.22688461,6.72E-06,4.65E+11,615.5357053,7527.630349,5,1238.403616,2.75E+09
21.22688461,6.72E-06,4.65E+11,615.5357053,7527.630349,5.5,1356.054127,3.10E+09
21.22688461,6.72E-06,4.65E+11,615.5357053,7527.630349,6,1455.439535,3.41E+09
21.22688461,6.72E-06,4.65E+11,615.5357053,7527.630349,6.5,1543.135577,3.68E+09
21.22688461,6.72E-06,4.65E+11,615.5357053,7527.630349,7,1621.875238,3.93E+09
21.22688461,6.72E-06,4.65E+11,615.5357053,7527.630349,7.5,1693.349525,4.15E+09
21.22688461,6.72E-06,4.65E+11,615.5357053,7527.630349,8,1758.803675,4.36E+09
21.22688461,6.72E-06,4.65E+11,615.5357053,7527.630349,8.5,1819.258208,4.55E+09
21.22688461,6.72E-06,4.65E+11,615.5357053,7527.630349,9,1875.495996,4.73E+09
21.22688461,6.72E-06,4.65E+11,615.5357053,7527.630349,9.5,1928.222809,4.90E+09
21.22688461,6.72E-06,4.65E+11,615.5357053,7527.630349,10,1978.029145,5.06E+09
17.20227754,9.24E-06,4.93E+11,601.8833277,7453.720152,0,293.1500004,1.484108635
17.20227754,9.24E-06,4.93E+11,601.8833277,7453.720152,0.5,324.6781993,1.42E+08
17.20227754,9.24E-06,4.93E+11,601.8833277,7453.720152,1,384.2348212,3.98E+08
17.20227754,9.24E-06,4.93E+11,601.8833277,7453.720152,1.5,463.5158577,7.32E+08
17.20227754,9.24E-06,4.93E+11,601.8833277,7453.720152,2,558.7789961,1.13E+09
17.20227754,9.24E-06,4.93E+11,601.8833277,7453.720152,2.5,667.4986865,1.58E+09
17.20227754,9.24E-06,4.93E+11,601.8833277,7453.720152,3,788.1218345,2.09E+09
17.20227754,9.24E-06,4.93E+11,601.8833277,7453.720152,3.5,919.6888786,2.64E+09
17.20227754,9.24E-06,4.93E+11,601.8833277,7453.720152,4,1060.928512,3.24E+09
17.20227754,9.24E-06,4.93E+11,601.8833277,7453.720152,4.5,1211.092034,3.88E+09
17.20227754,9.24E-06,4.93E+11,601.8833277,7453.720152,5,1360.498543,4.51E+09
17.20227754,9.24E-06,4.93E+11,601.8833277,7453.720152,5.5,1494.93287,5.09E+09
17.20227754,9.24E-06,4.93E+11,601.8833277,7453.720152,6,1609.250459,5.60E+09
17.20227754,9.24E-06,4.93E+11,601.8833277,7453.720152,6.5,1710.795002,6.05E+09
17.20227754,9.24E-06,4.93E+11,601.8833277,7453.720152,7,1802.482088,6.46E+09
17.20227754,9.24E-06,4.93E+11,601.8833277,7453.720152,7.5,1886.058462,6.85E+09
17.20227754,9.24E-06,4.93E+11,601.8833277,7453.720152,8,1962.918914,7.20E+09
17.20227754,9.24E-06,4.93E+11,601.8833277,7453.720152,8.5,2034.208173,7.53E+09
17.20227754,9.24E-06,4.93E+11,601.8833277,7453.720152,9,2100.689363,7.84E+09
17.20227754,9.24E-06,4.93E+11,601.8833277,7453.720152,9.5,2163.134562,8.13E+09
17.20227754,9.24E-06,4.93E+11,601.8833277,7453.720152,10,2222.187571,8.40E+09
24.8782921,7.43E-06,5.02E+11,629.4304985,7025.100404,0,293.1500004,1.233030517
24.8782921,7.43E-06,5.02E+11,629.4304985,7025.100404,0.5,319.832057,9.70E+07
24.8782921,7.43E-06,5.02E+11,629.4304985,7025.100404,1,370.4957133,2.72E+08
24.8782921,7.43E-06,5.02E+11,629.4304985,7025.100404,1.5,437.9112218,5.03E+08
24.8782921,7.43E-06,5.02E+11,629.4304985,7025.100404,2,518.5838879,7.80E+08
24.8782921,7.43E-06,5.02E+11,629.4304985,7025.100404,2.5,610.129438,1.10E+09
24.8782921,7.43E-06,5.02E+11,629.4304985,7025.100404,3,711.1204643,1.45E+09
24.8782921,7.43E-06,5.02E+11,629.4304985,7025.100404,3.5,820.7078639,1.83E+09
24.8782921,7.43E-06,5.02E+11,629.4304985,7025.100404,4,937.7826645,2.24E+09
24.8782921,7.43E-06,5.02E+11,629.4304985,7025.100404,4.5,1061.714652,2.67E+09
24.8782921,7.43E-06,5.02E+11,629.4304985,7025.100404,5,1184.301719,3.11E+09
24.8782921,7.43E-06,5.02E+11,629.4304985,7025.100404,5.5,1293.500031,3.51E+09
24.8782921,7.43E-06,5.02E+11,629.4304985,7025.100404,6,1385.025178,3.84E+09
24.8782921,7.43E-06,5.02E+11,629.4304985,7025.100404,6.5,1465.153995,4.14E+09
24.8782921,7.43E-06,5.02E+11,629.4304985,7025.100404,7,1536.562762,4.41E+09
24.8782921,7.43E-06,5.02E+11,629.4304985,7025.100404,7.5,1601.00594,4.66E+09
24.8782921,7.43E-06,5.02E+11,629.4304985,7025.100404,8,1659.76863,4.88E+09
24.8782921,7.43E-06,5.02E+11,629.4304985,7025.100404,8.5,1713.87671,5.09E+09
24.8782921,7.43E-06,5.02E+11,629.4304985,7025.100404,9,1764.102575,5.29E+09
24.8782921,7.43E-06,5.02E+11,629.4304985,7025.100404,9.5,1811.147491,5.47E+09
24.8782921,7.43E-06,5.02E+11,629.4304985,7025.100404,10,1855.531361,5.64E+09
8.26036341,8.54E-06,4.99E+11,676.4748638,7328.468464,0,293.1500004,1.256891845
8.26036341,8.54E-06,4.99E+11,676.4748638,7328.468464,0.5,335.666984,1.83E+08
8.26036341,8.54E-06,4.99E+11,676.4748638,7328.468464,1,415.2837025,5.18E+08
8.26036341,8.54E-06,4.99E+11,676.4748638,7328.468464,1.5,520.5327595,9.50E+08
8.26036341,8.54E-06,4.99E+11,676.4748638,7328.468464,2,646.8118046,1.46E+09
8.26036341,8.54E-06,4.99E+11,676.4748638,7328.468464,2.5,791.3163708,2.03E+09
8.26036341,8.54E-06,4.99E+11,676.4748638,7328.468464,3,952.4076762,2.67E+09
8.26036341,8.54E-06,4.99E+11,676.4748638,7328.468464,3.5,1129.085187,3.36E+09
8.26036341,8.54E-06,4.99E+11,676.4748638,7328.468464,4,1319.990845,4.11E+09
8.26036341,8.54E-06,4.99E+11,676.4748638,7328.468464,4.5,1524.291471,4.90E+09
8.26036341,8.54E-06,4.99E+11,676.4748638,7328.468464,5,1729.160313,5.70E+09
8.26036341,8.54E-06,4.99E+11,676.4748638,7328.468464,5.5,1915.691975,6.43E+09
8.26036341,8.54E-06,4.99E+11,676.4748638,7328.468464,6,2077.100263,7.05E+09
8.26036341,8.54E-06,4.99E+11,676.4748638,7328.468464,6.5,2223.707143,7.62E+09
8.26036341,8.54E-06,4.99E+11,676.4748638,7328.468464,7,2359.311764,8.16E+09
8.26036341,8.54E-06,4.99E+11,676.4748638,7328.468464,7.5,2485.657962,8.66E+09
8.26036341,8.54E-06,4.99E+11,676.4748638,7328.468464,8,2604.256255,9.14E+09
8.26036341,8.54E-06,4.99E+11,676.4748638,7328.468464,8.5,2716.153101,9.59E+09
8.26036341,8.54E-06,4.99E+11,676.4748638,7328.468464,9,2822.140592,1.00E+10
8.26036341,8.54E-06,4.99E+11,676.4748638,7328.468464,9.5,2922.913312,1.04E+10
8.26036341,8.54E-06,4.99E+11,676.4748638,7328.468464,10,3019.230004,1.08E+10
7.201223624,8.50E-06,4.31E+11,590.1182002,7517.602524,0,293.1500004,1.207778757
7.201223624,8.50E-06,4.31E+11,590.1182002,7517.602524,0.5,341.2664248,1.78E+08
7.201223624,8.50E-06,4.31E+11,590.1182002,7517.602524,1,431.6867575,5.06E+08
7.201223624,8.50E-06,4.31E+11,590.1182002,7517.602524,1.5,550.5270698,9.25E+08
7.201223624,8.50E-06,4.31E+11,590.1182002,7517.602524,2,693.3635129,1.42E+09
7.201223624,8.50E-06,4.31E+11,590.1182002,7517.602524,2.5,856.917735,1.98E+09
7.201223624,8.50E-06,4.31E+11,590.1182002,7517.602524,3,1039.167513,2.60E+09
7.201223624,8.50E-06,4.31E+11,590.1182002,7517.602524,3.5,1238.782685,3.27E+09
7.201223624,8.50E-06,4.31E+11,590.1182002,7517.602524,4,1454.680665,4.00E+09
7.201223624,8.50E-06,4.31E+11,590.1182002,7517.602524,4.5,1685.825334,4.77E+09
7.201223624,8.50E-06,4.31E+11,590.1182002,7517.602524,5,1924.262508,5.57E+09
7.201223624,8.50E-06,4.31E+11,590.1182002,7517.602524,5.5,2130.304195,6.26E+09
7.201223624,8.50E-06,4.31E+11,590.1182002,7517.602524,6,2312.999091,6.87E+09
7.201223624,8.50E-06,4.31E+11,590.1182002,7517.602524,6.5,2478.876955,7.42E+09
7.201223624,8.50E-06,4.31E+11,590.1182002,7517.602524,7,2632.14929,7.94E+09
7.201223624,8.50E-06,4.31E+11,590.1182002,7517.602524,7.5,2775.185682,8.43E+09
7.201223624,8.50E-06,4.31E+11,590.1182002,7517.602524,8,2909.569813,8.89E+09
7.201223624,8.50E-06,4.31E+11,590.1182002,7517.602524,8.5,3036.446065,9.33E+09
7.201223624,8.50E-06,4.31E+11,590.1182002,7517.602524,9,3157.05524,9.75E+09
7.201223624,8.50E-06,4.31E+11,590.1182002,7517.602524,9.5,3271.746003,1.02E+10
7.201223624,8.50E-06,4.31E+11,590.1182002,7517.602524,10,3381.250778,1.05E+10
17.55150072,8.30E-06,4.71E+11,572.6192583,7682.122776,0,293.1500004,1.299823603
17.55150072,8.30E-06,4.71E+11,572.6192583,7682.122776,0.5,324.7022434,1.22E+08
17.55150072,8.30E-06,4.71E+11,572.6192583,7682.122776,1,384.3387116,3.42E+08
17.55150072,8.30E-06,4.71E+11,572.6192583,7682.122776,1.5,463.736108,6.29E+08
17.55150072,8.30E-06,4.71E+11,572.6192583,7682.122776,2,559.1156692,9.71E+08
17.55150072,8.30E-06,4.71E+11,572.6192583,7682.122776,2.5,667.9183969,1.36E+09
17.55150072,8.30E-06,4.71E+11,572.6192583,7682.122776,3,788.5727338,1.80E+09
17.55150072,8.30E-06,4.71E+11,572.6192583,7682.122776,3.5,920.110848,2.27E+09
17.55150072,8.30E-06,4.71E+11,572.6192583,7682.122776,4,1061.252709,2.78E+09
17.55150072,8.30E-06,4.71E+11,572.6192583,7682.122776,4.5,1211.247309,3.33E+09
17.55150072,8.30E-06,4.71E+11,572.6192583,7682.122776,5,1360.402691,3.88E+09
17.55150072,8.30E-06,4.71E+11,572.6192583,7682.122776,5.5,1494.48812,4.38E+09
17.55150072,8.30E-06,4.71E+11,572.6192583,7682.122776,6,1608.35991,4.81E+09
17.55150072,8.30E-06,4.71E+11,572.6192583,7682.122776,6.5,1709.355041,5.20E+09
17.55150072,8.30E-06,4.71E+11,572.6192583,7682.122776,7,1800.409908,5.55E+09
17.55150072,8.30E-06,4.71E+11,572.6192583,7682.122776,7.5,1883.322932,5.88E+09
17.55150072,8.30E-06,4.71E+11,572.6192583,7682.122776,8,1959.557784,6.18E+09
17.55150072,8.30E-06,4.71E+11,572.6192583,7682.122776,8.5,2030.167518,6.46E+09
17.55150072,8.30E-06,4.71E+11,572.6192583,7682.122776,9,2095.975762,6.72E+09
17.55150072,8.30E-06,4.71E+11,572.6192583,7682.122776,9.5,2157.769191,6.97E+09
17.55150072,8.30E-06,4.71E+11,572.6192583,7682.122776,10,2216.178183,7.20E+09
12.26470342,8.64E-06,4.11E+11,643.5402389,7825.219004,0,293.1500003,1.031188913
12.26470342,8.64E-06,4.11E+11,643.5402389,7825.219004,0.5,328.0405967,1.25E+08
12.26470342,8.64E-06,4.11E+11,643.5402389,7825.219004,1,393.5508997,3.50E+08
12.26470342,8.64E-06,4.11E+11,643.5402389,7825.219004,1.5,480.4843324,6.41E+08
12.26470342,8.64E-06,4.11E+11,643.5402389,7825.219004,2,584.9816093,9.85E+08
12.26470342,8.64E-06,4.11E+11,643.5402389,7825.219004,2.5,704.5898434,1.38E+09
12.26470342,8.64E-06,4.11E+11,643.5402389,7825.219004,3,837.8213399,1.81E+09
12.26470342,8.64E-06,4.11E+11,643.5402389,7825.219004,3.5,983.744231,2.29E+09
12.26470342,8.64E-06,4.11E+11,643.5402389,7825.219004,4,1141.09963,2.80E+09
12.26470342,8.64E-06,4.11E+11,643.5402389,7825.219004,4.5,1309.118931,3.35E+09
12.26470342,8.64E-06,4.11E+11,643.5402389,7825.219004,5,1477.173794,3.90E+09
12.26470342,8.64E-06,4.11E+11,643.5402389,7825.219004,5.5,1629.635607,4.40E+09
12.26470342,8.64E-06,4.11E+11,643.5402389,7825.219004,6,1760.848111,4.83E+09
12.26470342,8.64E-06,4.11E+11,643.5402389,7825.219004,6.5,1879.105211,5.23E+09
12.26470342,8.64E-06,4.11E+11,643.5402389,7825.219004,7,1987.494759,5.60E+09
12.26470342,8.64E-06,4.11E+11,643.5402389,7825.219004,7.5,2087.543636,5.94E+09
12.26470342,8.64E-06,4.11E+11,643.5402389,7825.219004,8,2180.60022,6.26E+09
12.26470342,8.64E-06,4.11E+11,643.5402389,7825.219004,8.5,2267.651306,6.57E+09
12.26470342,8.64E-06,4.11E+11,643.5402389,7825.219004,9,2349.468556,6.85E+09
12.26470342,8.64E-06,4.11E+11,643.5402389,7825.219004,9.5,2426.744957,7.13E+09
12.26470342,8.64E-06,4.11E+11,643.5402389,7825.219004,10,2500.209437,7.39E+09
16.24622183,8.40E-06,4.47E+11,579.4463907,6877.761641,0,293.1500004,1.378434383
16.24622183,8.40E-06,4.47E+11,579.4463907,6877.761641,0.5,327.623735,1.28E+08
16.24622183,8.40E-06,4.47E+11,579.4463907,6877.761641,1,392.8023366,3.59E+08
16.24622183,8.40E-06,4.47E+11,579.4463907,6877.761641,1.5,479.5830395,6.59E+08
16.24622183,8.40E-06,4.47E+11,579.4463907,6877.761641,2,583.8165637,1.02E+09
16.24622183,8.40E-06,4.47E+11,579.4463907,6877.761641,2.5,703.0325738,1.43E+09
16.24622183,8.40E-06,4.47E+11,579.4463907,6877.761641,3,834.8697433,1.89E+09
16.24622183,8.40E-06,4.47E+11,579.4463907,6877.761641,3.5,978.3085329,2.38E+09
16.24622183,8.40E-06,4.47E+11,579.4463907,6877.761641,4,1132.431193,2.92E+09
16.24622183,8.40E-06,4.47E+11,579.4463907,6877.761641,4.5,1295.877519,3.50E+09
16.24622183,8.40E-06,4.47E+11,579.4463907,6877.761641,5,1465.565395,4.09E+09
16.24622183,8.40E-06,4.47E+11,579.4463907,6877.761641,5.5,1610.852824,4.61E+09
16.24622183,8.40E-06,4.47E+11,579.4463907,6877.761641,6,1734.408457,5.07E+09
16.24622183,8.40E-06,4.47E+11,579.4463907,6877.761641,6.5,1843.700801,5.47E+09
16.24622183,8.40E-06,4.47E+11,579.4463907,6877.761641,7,1942.026419,5.84E+09
16.24622183,8.40E-06,4.47E+11,579.4463907,6877.761641,7.5,2031.544637,6.18E+09
16.24622183,8.40E-06,4.47E+11,579.4463907,6877.761641,8,2114.323636,6.49E+09
16.24622183,8.40E-06,4.47E+11,579.4463907,6877.761641,8.5,2191.070594,6.78E+09
16.24622183,8.40E-06,4.47E+11,579.4463907,6877.761641,9,2262.885409,7.06E+09
16.24622183,8.40E-06,4.47E+11,579.4463907,6877.761641,9.5,2329.742035,7.32E+09
16.24622183,8.40E-06,4.47E+11,579.4463907,6877.761641,10,2392.88282,7.56E+09
7.062031666,7.14E-06,5.39E+11,698.1226347,6666.686904,0,293.1500004,1.208294705
7.062031666,7.14E-06,5.39E+11,698.1226347,6666.686904,0.5,340.5174989,1.84E+08
7.062031666,7.14E-06,5.39E+11,698.1226347,6666.686904,1,429.5282255,5.24E+08
7.062031666,7.14E-06,5.39E+11,698.1226347,6666.686904,1.5,546.4294076,9.59E+08
7.062031666,7.14E-06,5.39E+11,698.1226347,6666.686904,2,686.8754202,1.47E+09
7.062031666,7.14E-06,5.39E+11,698.1226347,6666.686904,2.5,847.6550704,2.05E+09
7.062031666,7.14E-06,5.39E+11,698.1226347,6666.686904,3,1026.801218,2.69E+09
7.062031666,7.14E-06,5.39E+11,698.1226347,6666.686904,3.5,1223.029007,3.39E+09
7.062031666,7.14E-06,5.39E+11,698.1226347,6666.686904,4,1435.294475,4.14E+09
7.062031666,7.14E-06,5.39E+11,698.1226347,6666.686904,4.5,1662.599237,4.94E+09
7.062031666,7.14E-06,5.39E+11,698.1226347,6666.686904,5,1897.136993,5.76E+09
7.062031666,7.14E-06,5.39E+11,698.1226347,6666.686904,5.5,2099.871094,6.47E+09
7.062031666,7.14E-06,5.39E+11,698.1226347,6666.686904,6,2279.714258,7.10E+09
7.062031666,7.14E-06,5.39E+11,698.1226347,6666.686904,6.5,2443.143155,7.67E+09
7.062031666,7.14E-06,5.39E+11,698.1226347,6666.686904,7,2594.341684,8.20E+09
7.062031666,7.14E-06,5.39E+11,698.1226347,6666.686904,7.5,2735.638169,8.70E+09
7.062031666,7.14E-06,5.39E+11,698.1226347,6666.686904,8,2868.575373,9.18E+09
7.062031666,7.14E-06,5.39E+11,698.1226347,6666.686904,8.5,2994.26068,9.64E+09
7.062031666,7.14E-06,5.39E+11,698.1226347,6666.686904,9,3113.86162,1.01E+10
7.062031666,7.14E-06,5.39E+11,698.1226347,6666.686904,9.5,3227.762679,1.05E+10
7.062031666,7.14E-06,5.39E+11,698.1226347,6666.686904,10,3336.60683,1.09E+10
10.54550639,7.50E-06,5.00E+11,540.5466003,6159.286255,0,293.1500005,1.649183297
10.54550639,7.50E-06,5.00E+11,540.5466003,6159.286255,0.5,339.6893858,1.74E+08
10.54550639,7.50E-06,5.00E+11,540.5466003,6159.286255,1,427.6810415,4.90E+08
10.54550639,7.50E-06,5.00E+11,540.5466003,6159.286255,1.5,544.0550003,8.96E+08
10.54550639,7.50E-06,5.00E+11,540.5466003,6159.286255,2,684.257081,1.38E+09
10.54550639,7.50E-06,5.00E+11,540.5466003,6159.286255,2.5,844.8481326,1.93E+09
10.54550639,7.50E-06,5.00E+11,540.5466003,6159.286255,3,1023.261352,2.55E+09
10.54550639,7.50E-06,5.00E+11,540.5466003,6159.286255,3.5,1217.809192,3.22E+09
10.54550639,7.50E-06,5.00E+11,540.5466003,6159.286255,4,1427.380152,3.95E+09
10.54550639,7.50E-06,5.00E+11,540.5466003,6159.286255,4.5,1650.510495,4.72E+09
10.54550639,7.50E-06,5.00E+11,540.5466003,6159.286255,5,1872.623098,5.50E+09
10.54550639,7.50E-06,5.00E+11,540.5466003,6159.286255,5.5,2075.900723,6.21E+09
10.54550639,7.50E-06,5.00E+11,540.5466003,6159.286255,6,2247.331288,6.83E+09
10.54550639,7.50E-06,5.00E+11,540.5466003,6159.286255,6.5,2400.780537,7.38E+09
10.54550639,7.50E-06,5.00E+11,540.5466003,6159.286255,7,2540.23541,7.89E+09
10.54550639,7.50E-06,5.00E+11,540.5466003,6159.286255,7.5,2668.132668,8.37E+09
10.54550639,7.50E-06,5.00E+11,540.5466003,6159.286255,8,2786.343108,8.81E+09
10.54550639,7.50E-06,5.00E+11,540.5466003,6159.286255,8.5,2896.307298,9.23E+09
10.54550639,7.50E-06,5.00E+11,540.5466003,6159.286255,9,2999.24527,9.62E+09
10.54550639,7.50E-06,5.00E+11,540.5466003,6159.286255,9.5,3096.637391,9.99E+09
10.54550639,7.50E-06,5.00E+11,540.5466003,6159.286255,10,3188.452382,1.03E+10
20.13633998,7.83E-06,4.70E+11,574.2429023,7365.543543,0,293.1500004,1.272372891
20.13633998,7.83E-06,4.70E+11,574.2429023,7365.543543,0.5,323.3302344,1.09E+08
20.13633998,7.83E-06,4.70E+11,574.2429023,7365.543543,1,380.516122,3.06E+08
20.13633998,7.83E-06,4.70E+11,574.2429023,7365.543543,1.5,456.6606843,5.64E+08
20.13633998,7.83E-06,4.70E+11,574.2429023,7365.543543,2,547.9872941,8.72E+08
20.13633998,7.83E-06,4.70E+11,574.2429023,7365.543543,2.5,651.9150348,1.22E+09
20.13633998,7.83E-06,4.70E+11,574.2429023,7365.543543,3,766.875241,1.62E+09
20.13633998,7.83E-06,4.70E+11,574.2429023,7365.543543,3.5,891.9178887,2.04E+09
20.13633998,7.83E-06,4.70E+11,574.2429023,7365.543543,4,1025.795383,2.50E+09
20.13633998,7.83E-06,4.70E+11,574.2429023,7365.543543,4.5,1167.78786,2.99E+09
20.13633998,7.83E-06,4.70E+11,574.2429023,7365.543543,5,1308.615869,3.48E+09
20.13633998,7.83E-06,4.70E+11,574.2429023,7365.543543,5.5,1434.65517,3.93E+09
20.13633998,7.83E-06,4.70E+11,574.2429023,7365.543543,6,1540.999535,4.31E+09
20.13633998,7.83E-06,4.70E+11,574.2429023,7365.543543,6.5,1634.666688,4.66E+09
20.13633998,7.83E-06,4.70E+11,574.2429023,7365.543543,7,1718.651775,4.97E+09
20.13633998,7.83E-06,4.70E+11,574.2429023,7365.543543,7.5,1794.815365,5.25E+09
20.13633998,7.83E-06,4.70E+11,574.2429023,7365.543543,8,1864.50435,5.51E+09
20.13633998,7.83E-06,4.70E+11,574.2429023,7365.543543,8.5,1928.829538,5.76E+09
20.13633998,7.83E-06,4.70E+11,574.2429023,7365.543543,9,1988.640034,5.98E+09
20.13633998,7.83E-06,4.70E+11,574.2429023,7365.543543,9.5,2044.728337,6.19E+09
20.13633998,7.83E-06,4.70E+11,574.2429023,7365.543543,10,2097.661066,6.40E+09
20.50652392,8.15E-06,4.76E+11,609.230886,6716.794066,0,293.1500004,1.386915124
20.50652392,8.15E-06,4.76E+11,609.230886,6716.794066,0.5,323.5981682,1.16E+08
20.50652392,8.15E-06,4.76E+11,609.230886,6716.794066,1,381.3310811,3.25E+08
20.50652392,8.15E-06,4.76E+11,609.230886,6716.794066,1.5,458.1952295,5.99E+08
20.50652392,8.15E-06,4.76E+11,609.230886,6716.794066,2,550.3277825,9.27E+08
20.50652392,8.15E-06,4.76E+11,609.230886,6716.794066,2.5,655.0874202,1.30E+09
20.50652392,8.15E-06,4.76E+11,609.230886,6716.794066,3,770.8754601,1.72E+09
20.50652392,8.15E-06,4.76E+11,609.230886,6716.794066,3.5,896.7288836,2.17E+09
20.50652392,8.15E-06,4.76E+11,609.230886,6716.794066,4,1031.385327,2.66E+09
20.50652392,8.15E-06,4.76E+11,609.230886,6716.794066,4.5,1174.119859,3.18E+09
20.50652392,8.15E-06,4.76E+11,609.230886,6716.794066,5,1315.570152,3.70E+09
20.50652392,8.15E-06,4.76E+11,609.230886,6716.794066,5.5,1441.990167,4.18E+09
20.50652392,8.15E-06,4.76E+11,609.230886,6716.794066,6,1548.44583,4.58E+09
20.50652392,8.15E-06,4.76E+11,609.230886,6716.794066,6.5,1642.044275,4.95E+09
20.50652392,8.15E-06,4.76E+11,609.230886,6716.794066,7,1725.793489,5.27E+09
20.50652392,8.15E-06,4.76E+11,609.230886,6716.794066,7.5,1801.639356,5.57E+09
20.50652392,8.15E-06,4.76E+11,609.230886,6716.794066,8,1870.961293,5.85E+09
20.50652392,8.15E-06,4.76E+11,609.230886,6716.794066,8.5,1934.896361,6.10E+09
20.50652392,8.15E-06,4.76E+11,609.230886,6716.794066,9,1994.309769,6.34E+09
20.50652392,8.15E-06,4.76E+11,609.230886,6716.794066,9.5,2050.018256,6.56E+09
20.50652392,8.15E-06,4.76E+11,609.230886,6716.794066,10,2102.562646,6.77E+09
9.388398653,8.59E-06,4.62E+11,563.0709829,7290.406978,0,293.1500004,1.413084044
9.388398653,8.59E-06,4.62E+11,563.0709829,7290.406978,0.5,337.2665212,1.76E+08
9.388398653,8.59E-06,4.62E+11,563.0709829,7290.406978,1,420.037019,4.95E+08
9.388398653,8.59E-06,4.62E+11,563.0709829,7290.406978,1.5,529.81082,9.07E+08
9.388398653,8.59E-06,4.62E+11,563.0709829,7290.406978,2,661.734552,1.39E+09
9.388398653,8.59E-06,4.62E+11,563.0709829,7290.406978,2.5,813.1185588,1.95E+09
9.388398653,8.59E-06,4.62E+11,563.0709829,7290.406978,3,981.4456289,2.56E+09
9.388398653,8.59E-06,4.62E+11,563.0709829,7290.406978,3.5,1165.596293,3.23E+09
9.388398653,8.59E-06,4.62E+11,563.0709829,7290.406978,4,1364.541701,3.95E+09
9.388398653,8.59E-06,4.62E+11,563.0709829,7290.406978,4.5,1576.687864,4.73E+09
9.388398653,8.59E-06,4.62E+11,563.0709829,7290.406978,5,1798.184524,5.54E+09
9.388398653,8.59E-06,4.62E+11,563.0709829,7290.406978,5.5,1989.895816,6.24E+09
9.388398653,8.59E-06,4.62E+11,563.0709829,7290.406978,6,2155.646578,6.85E+09
9.388398653,8.59E-06,4.62E+11,563.0709829,7290.406978,6.5,2305.129875,7.40E+09
9.388398653,8.59E-06,4.62E+11,563.0709829,7290.406978,7,2442.166347,7.92E+09
9.388398653,8.59E-06,4.62E+11,563.0709829,7290.406978,7.5,2569.043131,8.40E+09
9.388398653,8.59E-06,4.62E+11,563.0709829,7290.406978,8,2687.655464,8.86E+09
9.388398653,8.59E-06,4.62E+11,563.0709829,7290.406978,8.5,2798.995546,9.29E+09
9.388398653,8.59E-06,4.62E+11,563.0709829,7290.406978,9,2904.006266,9.70E+09
9.388398653,8.59E-06,4.62E+11,563.0709829,7290.406978,9.5,3002.763266,1.01E+10
9.388398653,8.59E-06,4.62E+11,563.0709829,7290.406978,10,3096.693588,1.05E+10
7.569242865,6.37E-06,5.24E+11,518.0819495,7204.048741,0,293.1500005,1.307221946
7.569242865,6.37E-06,5.24E+11,518.0819495,7204.048741,0.5,344.5529159,1.73E+08
7.569242865,6.37E-06,5.24E+11,518.0819495,7204.048741,1,441.461207,4.89E+08
7.569242865,6.37E-06,5.24E+11,518.0819495,7204.048741,1.5,568.8496889,8.94E+08
7.569242865,6.37E-06,5.24E+11,518.0819495,7204.048741,2,722.0057146,1.37E+09
7.569242865,6.37E-06,5.24E+11,518.0819495,7204.048741,2.5,897.8292909,1.91E+09
7.569242865,6.37E-06,5.24E+11,518.0819495,7204.048741,3,1093.449463,2.51E+09
7.569242865,6.37E-06,5.24E+11,518.0819495,7204.048741,3.5,1307.603754,3.17E+09
7.569242865,6.37E-06,5.24E+11,518.0819495,7204.048741,4,1539.133049,3.88E+09
7.569242865,6.37E-06,5.24E+11,518.0819495,7204.048741,4.5,1786.226166,4.63E+09
7.569242865,6.37E-06,5.24E+11,518.0819495,7204.048741,5,2044.43695,5.43E+09
7.569242865,6.37E-06,5.24E+11,518.0819495,7204.048741,5.5,2268.260279,6.11E+09
7.569242865,6.37E-06,5.24E+11,518.0819495,7204.048741,6,2462.106651,6.70E+09
7.569242865,6.37E-06,5.24E+11,518.0819495,7204.048741,6.5,2637.436134,7.25E+09
7.569242865,6.37E-06,5.24E+11,518.0819495,7204.048741,7,2798.68189,7.76E+09
7.569242865,6.37E-06,5.24E+11,518.0819495,7204.048741,7.5,2948.447523,8.23E+09
7.569242865,6.37E-06,5.24E+11,518.0819495,7204.048741,8,3088.869499,8.68E+09
7.569242865,6.37E-06,5.24E+11,518.0819495,7204.048741,8.5,3220.991402,9.11E+09
7.569242865,6.37E-06,5.24E+11,518.0819495,7204.048741,9,3345.910023,9.51E+09
7.569242865,6.37E-06,5.24E+11,518.0819495,7204.048741,9.5,3463.679703,9.90E+09
7.569242865,6.37E-06,5.24E+11,518.0819495,7204.048741,10,3575.848459,1.03E+10
16.67940593,7.63E-06,4.09E+11,546.6259592,6855.827798,0,293.1500005,1.217348724
16.67940593,7.63E-06,4.09E+11,546.6259592,6855.827798,0.5,328.3151715,1.08E+08
16.67940593,7.63E-06,4.09E+11,546.6259592,6855.827798,1,394.8845483,3.03E+08
16.67940593,7.63E-06,4.09E+11,546.6259592,6855.827798,1.5,483.5271611,5.58E+08
16.67940593,7.63E-06,4.09E+11,546.6259592,6855.827798,2,589.9187081,8.62E+08
16.67940593,7.63E-06,4.09E+11,546.6259592,6855.827798,2.5,711.4685826,1.21E+09
16.67940593,7.63E-06,4.09E+11,546.6259592,6855.827798,3,845.7151184,1.60E+09
16.67940593,7.63E-06,4.09E+11,546.6259592,6855.827798,3.5,991.6062666,2.02E+09
16.67940593,7.63E-06,4.09E+11,546.6259592,6855.827798,4,1148.198305,2.47E+09
16.67940593,7.63E-06,4.09E+11,546.6259592,6855.827798,4.5,1314.097881,2.96E+09
16.67940593,7.63E-06,4.09E+11,546.6259592,6855.827798,5,1486.160661,3.47E+09
16.67940593,7.63E-06,4.09E+11,546.6259592,6855.827798,5.5,1633.162388,3.91E+09
16.67940593,7.63E-06,4.09E+11,546.6259592,6855.827798,6,1757.716396,4.29E+09
16.67940593,7.63E-06,4.09E+11,546.6259592,6855.827798,6.5,1867.493324,4.62E+09
16.67940593,7.63E-06,4.09E+11,546.6259592,6855.827798,7,1965.946796,4.93E+09
16.67940593,7.63E-06,4.09E+11,546.6259592,6855.827798,7.5,2055.486664,5.21E+09
16.67940593,7.63E-06,4.09E+11,546.6259592,6855.827798,8,2138.080358,5.48E+09
16.67940593,7.63E-06,4.09E+11,546.6259592,6855.827798,8.5,2214.516569,5.72E+09
16.67940593,7.63E-06,4.09E+11,546.6259592,6855.827798,9,2285.947531,5.95E+09
16.67940593,7.63E-06,4.09E+11,546.6259592,6855.827798,9.5,2352.398917,6.16E+09
16.67940593,7.63E-06,4.09E+11,546.6259592,6855.827798,10,2415.065285,6.36E+09
20.84081271,8.12E-06,4.94E+11,599.5292866,6047.573309,0,293.1500005,1.618290057
20.84081271,8.12E-06,4.94E+11,599.5292866,6047.573309,0.5,325.3647084,1.26E+08
20.84081271,8.12E-06,4.94E+11,599.5292866,6047.573309,1,386.5483202,3.54E+08
20.84081271,8.12E-06,4.94E+11,599.5292866,6047.573309,1.5,467.9501859,6.54E+08
20.84081271,8.12E-06,4.94E+11,599.5292866,6047.573309,2,565.3257268,1.01E+09
20.84081271,8.12E-06,4.94E+11,599.5292866,6047.573309,2.5,676.1226171,1.42E+09
20.84081271,8.12E-06,4.94E+11,599.5292866,6047.573309,3,797.9809102,1.88E+09
20.84081271,8.12E-06,4.94E+11,599.5292866,6047.573309,3.5,929.9240042,2.37E+09
20.84081271,8.12E-06,4.94E+11,599.5292866,6047.573309,4,1071.083846,2.91E+09
20.84081271,8.12E-06,4.94E+11,599.5292866,6047.573309,4.5,1220.186648,3.47E+09
20.84081271,8.12E-06,4.94E+11,599.5292866,6047.573309,5,1374.365799,4.06E+09
20.84081271,8.12E-06,4.94E+11,599.5292866,6047.573309,5.5,1505.048955,4.57E+09
20.84081271,8.12E-06,4.94E+11,599.5292866,6047.573309,6,1614.586489,5.01E+09
20.84081271,8.12E-06,4.94E+11,599.5292866,6047.573309,6.5,1710.127179,5.40E+09
20.84081271,8.12E-06,4.94E+11,599.5292866,6047.573309,7,1795.087664,5.74E+09
20.84081271,8.12E-06,4.94E+11,599.5292866,6047.573309,7.5,1871.760231,6.06E+09
20.84081271,8.12E-06,4.94E+11,599.5292866,6047.573309,8,1942.229137,6.35E+09
20.84081271,8.12E-06,4.94E+11,599.5292866,6047.573309,8.5,2007.198368,6.62E+09
20.84081271,8.12E-06,4.94E+11,599.5292866,6047.573309,9,2067.723694,6.87E+09
20.84081271,8.12E-06,4.94E+11,599.5292866,6047.573309,9.5,2123.931371,7.10E+09
20.84081271,8.12E-06,4.94E+11,599.5292866,6047.573309,10,2176.820603,7.32E+09
13.72654352,8.67E-06,4.95E+11,668.5060339,8469.515202,0,293.1500003,1.107945559
13.72654352,8.67E-06,4.95E+11,668.5060339,8469.515202,0.5,324.2492761,1.34E+08
13.72654352,8.67E-06,4.95E+11,668.5060339,8469.515202,1,382.641061,3.77E+08
13.72654352,8.67E-06,4.95E+11,668.5060339,8469.515202,1.5,460.1245379,6.90E+08
13.72654352,8.67E-06,4.95E+11,668.5060339,8469.515202,2,553.2611993,1.06E+09
13.72654352,8.67E-06,4.95E+11,668.5060339,8469.515202,2.5,659.8669659,1.48E+09
13.72654352,8.67E-06,4.95E+11,668.5060339,8469.515202,3,778.6176712,1.95E+09
13.72654352,8.67E-06,4.95E+11,668.5060339,8469.515202,3.5,908.6839785,2.46E+09
13.72654352,8.67E-06,4.95E+11,668.5060339,8469.515202,4,1048.945345,3.01E+09
13.72654352,8.67E-06,4.95E+11,668.5060339,8469.515202,4.5,1198.717467,3.60E+09
13.72654352,8.67E-06,4.95E+11,668.5060339,8469.515202,5,1348.527511,4.20E+09
13.72654352,8.67E-06,4.95E+11,668.5060339,8469.515202,5.5,1484.445608,4.73E+09
13.72654352,8.67E-06,4.95E+11,668.5060339,8469.515202,6,1601.387944,5.20E+09
13.72654352,8.67E-06,4.95E+11,668.5060339,8469.515202,6.5,1706.871632,5.63E+09
13.72654352,8.67E-06,4.95E+11,668.5060339,8469.515202,7,1803.525801,6.03E+09
13.72654352,8.67E-06,4.95E+11,668.5060339,8469.515202,7.5,1892.753463,6.40E+09
13.72654352,8.67E-06,4.95E+11,668.5060339,8469.515202,8,1975.757967,6.74E+09
13.72654352,8.67E-06,4.95E+11,668.5060339,8469.515202,8.5,2053.415517,7.07E+09
13.72654352,8.67E-06,4.95E+11,668.5060339,8469.515202,9,2126.497272,7.38E+09
13.72654352,8.67E-06,4.95E+11,668.5060339,8469.515202,9.5,2195.748323,7.68E+09
13.72654352,8.67E-06,4.95E+11,668.5060339,8469.515202,10,2261.246579,7.96E+09
11.06389678,8.36E-06,5.49E+11,655.2487868,6176.978495,0,293.1500004,1.6597041
11.06389678,8.36E-06,5.49E+11,655.2487868,6176.978495,0.5,334.2275598,1.89E+08
11.06389678,8.36E-06,5.49E+11,655.2487868,6176.978495,1,411.4521407,5.30E+08
11.06389678,8.36E-06,5.49E+11,655.2487868,6176.978495,1.5,514.035475,9.72E+08
11.06389678,8.36E-06,5.49E+11,655.2487868,6176.978495,2,637.377162,1.50E+09
11.06389678,8.36E-06,5.49E+11,655.2487868,6176.978495,2.5,778.8680948,2.09E+09
11.06389678,8.36E-06,5.49E+11,655.2487868,6176.978495,3,936.0240356,2.75E+09
11.06389678,8.36E-06,5.49E+11,655.2487868,6176.978495,3.5,1107.739775,3.48E+09
11.06389678,8.36E-06,5.49E+11,655.2487868,6176.978495,4,1293.004654,4.26E+09
11.06389678,8.36E-06,5.49E+11,655.2487868,6176.978495,4.5,1490.278419,5.10E+09
11.06389678,8.36E-06,5.49E+11,655.2487868,6176.978495,5,1695.934634,5.97E+09
11.06389678,8.36E-06,5.49E+11,655.2487868,6176.978495,5.5,1873.500357,6.73E+09
11.06389678,8.36E-06,5.49E+11,655.2487868,6176.978495,6,2026.426547,7.39E+09
11.06389678,8.36E-06,5.49E+11,655.2487868,6176.978495,6.5,2163.640744,7.99E+09
11.06389678,8.36E-06,5.49E+11,655.2487868,6176.978495,7,2288.765825,8.55E+09
11.06389678,8.36E-06,5.49E+11,655.2487868,6176.978495,7.5,2404.032793,9.06E+09
11.06389678,8.36E-06,5.49E+11,655.2487868,6176.978495,8,2511.355303,9.55E+09
11.06389678,8.36E-06,5.49E+11,655.2487868,6176.978495,8.5,2611.681772,1.00E+10
11.06389678,8.36E-06,5.49E+11,655.2487868,6176.978495,9,2706.028097,1.04E+10
11.06389678,8.36E-06,5.49E+11,655.2487868,6176.978495,9.5,2794.438968,1.08E+10
11.06389678,8.36E-06,5.49E+11,655.2487868,6176.978495,10,2878.314279,1.12E+10
19.44802313,8.10E-06,5.02E+11,636.4057006,6997.093913,0,293.1500004,1.335456609
19.44802313,8.10E-06,5.02E+11,636.4057006,6997.093913,0.5,323.0106394,1.20E+08
19.44802313,8.10E-06,5.02E+11,636.4057006,6997.093913,1,379.5231889,3.35E+08
19.44802313,8.10E-06,5.02E+11,636.4057006,6997.093913,1.5,454.7736115,6.17E+08
19.44802313,8.10E-06,5.02E+11,636.4057006,6997.093913,2,545.107318,9.55E+08
19.44802313,8.10E-06,5.02E+11,636.4057006,6997.093913,2.5,648.0345059,1.34E+09
19.44802313,8.10E-06,5.02E+11,636.4057006,6997.093913,3,762.0329189,1.77E+09
19.44802313,8.10E-06,5.02E+11,636.4057006,6997.093913,3.5,886.1726955,2.23E+09
19.44802313,8.10E-06,5.02E+11,636.4057006,6997.093913,4,1019.228665,2.74E+09
19.44802313,8.10E-06,5.02E+11,636.4057006,6997.093913,4.5,1160.488142,3.28E+09
19.44802313,8.10E-06,5.02E+11,636.4057006,6997.093913,5,1300.772893,3.81E+09
19.44802313,8.10E-06,5.02E+11,636.4057006,6997.093913,5.5,1426.60708,4.30E+09
19.44802313,8.10E-06,5.02E+11,636.4057006,6997.093913,6,1533.115558,4.73E+09
19.44802313,8.10E-06,5.02E+11,636.4057006,6997.093913,6.5,1627.260601,5.10E+09
19.44802313,8.10E-06,5.02E+11,636.4057006,6997.093913,7,1711.875512,5.45E+09
19.44802313,8.10E-06,5.02E+11,636.4057006,6997.093913,7.5,1788.810798,5.76E+09
19.44802313,8.10E-06,5.02E+11,636.4057006,6997.093913,8,1859.358135,6.06E+09
19.44802313,8.10E-06,5.02E+11,636.4057006,6997.093913,8.5,1924.570576,6.33E+09
19.44802313,8.10E-06,5.02E+11,636.4057006,6997.093913,9,1985.271678,6.58E+09
19.44802313,8.10E-06,5.02E+11,636.4057006,6997.093913,9.5,2042.217515,6.82E+09
19.44802313,8.10E-06,5.02E+11,636.4057006,6997.093913,10,2096.011275,7.04E+09
23.61134838,8.93E-06,4.18E+11,526.1918331,8387.638168,0,293.1500004,1.236992569
23.61134838,8.93E-06,4.18E+11,526.1918331,8387.638168,0.5,320.5238449,9.98E+07
23.61134838,8.93E-06,4.18E+11,526.1918331,8387.638168,1,372.4702876,2.80E+08
23.61134838,8.93E-06,4.18E+11,526.1918331,8387.638168,1.5,441.6126827,5.18E+08
23.61134838,8.93E-06,4.18E+11,526.1918331,8387.638168,2,524.4155033,8.02E+08
23.61134838,8.93E-06,4.18E+11,526.1918331,8387.638168,2.5,618.4628465,1.13E+09
23.61134838,8.93E-06,4.18E+11,526.1918331,8387.638168,3,722.3011344,1.49E+09
23.61134838,8.93E-06,4.18E+11,526.1918331,8387.638168,3.5,835.0609023,1.88E+09
23.61134838,8.93E-06,4.18E+11,526.1918331,8387.638168,4,955.60486,2.30E+09
23.61134838,8.93E-06,4.18E+11,526.1918331,8387.638168,4.5,1083.283782,2.75E+09
23.61134838,8.93E-06,4.18E+11,526.1918331,8387.638168,5,1209.68136,3.20E+09
23.61134838,8.93E-06,4.18E+11,526.1918331,8387.638168,5.5,1322.439729,3.61E+09
23.61134838,8.93E-06,4.18E+11,526.1918331,8387.638168,6,1417.114702,3.96E+09
23.61134838,8.93E-06,4.18E+11,526.1918331,8387.638168,6.5,1500.199818,4.27E+09
23.61134838,8.93E-06,4.18E+11,526.1918331,8387.638168,7,1574.371161,4.55E+09
23.61134838,8.93E-06,4.18E+11,526.1918331,8387.638168,7.5,1641.395425,4.80E+09
23.61134838,8.93E-06,4.18E+11,526.1918331,8387.638168,8,1702.571773,5.04E+09
23.61134838,8.93E-06,4.18E+11,526.1918331,8387.638168,8.5,1758.940222,5.25E+09
23.61134838,8.93E-06,4.18E+11,526.1918331,8387.638168,9,1811.287573,5.45E+09
23.61134838,8.93E-06,4.18E+11,526.1918331,8387.638168,9.5,1860.331206,5.64E+09
23.61134838,8.93E-06,4.18E+11,526.1918331,8387.638168,10,1906.605953,5.82E+09
18.53036629,7.78E-06,4.40E+11,648.3881289,7582.324924,0,293.1500004,1.0178867
18.53036629,7.78E-06,4.40E+11,648.3881289,7582.324924,0.5,322.1563302,9.84E+07
18.53036629,7.78E-06,4.40E+11,648.3881289,7582.324924,1,376.9354843,2.76E+08
18.53036629,7.78E-06,4.40E+11,648.3881289,7582.324924,1.5,449.8521117,5.06E+08
18.53036629,7.78E-06,4.40E+11,648.3881289,7582.324924,2,537.4760565,7.82E+08
18.53036629,7.78E-06,4.40E+11,648.3881289,7582.324924,2.5,637.4962237,1.10E+09
18.53036629,7.78E-06,4.40E+11,648.3881289,7582.324924,3,748.4907528,1.45E+09
18.53036629,7.78E-06,4.40E+11,648.3881289,7582.324924,3.5,869.580002,1.83E+09
18.53036629,7.78E-06,4.40E+11,648.3881289,7582.324924,4,999.5976571,2.24E+09
18.53036629,7.78E-06,4.40E+11,648.3881289,7582.324924,4.5,1137.855741,2.68E+09
18.53036629,7.78E-06,4.40E+11,648.3881289,7582.324924,5,1275.449319,3.12E+09
18.53036629,7.78E-06,4.40E+11,648.3881289,7582.324924,5.5,1399.302029,3.52E+09
18.53036629,7.78E-06,4.40E+11,648.3881289,7582.324924,6,1504.650041,3.87E+09
18.53036629,7.78E-06,4.40E+11,648.3881289,7582.324924,6.5,1598.310054,4.18E+09
18.53036629,7.78E-06,4.40E+11,648.3881289,7582.324924,7,1682.968225,4.47E+09
18.53036629,7.78E-06,4.40E+11,648.3881289,7582.324924,7.5,1760.140564,4.74E+09
18.53036629,7.78E-06,4.40E+11,648.3881289,7582.324924,8,1831.119833,4.98E+09
18.53036629,7.78E-06,4.40E+11,648.3881289,7582.324924,8.5,1896.99399,5.21E+09
18.53036629,7.78E-06,4.40E+11,648.3881289,7582.324924,9,1958.441769,5.42E+09
18.53036629,7.78E-06,4.40E+11,648.3881289,7582.324924,9.5,2016.1469,5.62E+09
18.53036629,7.78E-06,4.40E+11,648.3881289,7582.324924,10,2070.754299,5.82E+09
15.33201773,6.83E-06,4.10E+11,621.3962555,7806.239788,0,293.1500004,0.842679224
15.33201773,6.83E-06,4.10E+11,621.3962555,7806.239788,0.5,325.1222539,8.92E+07
15.33201773,6.83E-06,4.10E+11,621.3962555,7806.239788,1,385.3508306,2.50E+08
15.33201773,6.83E-06,4.10E+11,621.3962555,7806.239788,1.5,465.4447267,4.58E+08
15.33201773,6.83E-06,4.10E+11,621.3962555,7806.239788,2,561.7476684,7.06E+08
15.33201773,6.83E-06,4.10E+11,621.3962555,7806.239788,2.5,671.8472024,9.88E+08
15.33201773,6.83E-06,4.10E+11,621.3962555,7806.239788,3,794.2589159,1.30E+09
15.33201773,6.83E-06,4.10E+11,621.3962555,7806.239788,3.5,928.0548858,1.65E+09
15.33201773,6.83E-06,4.10E+11,621.3962555,7806.239788,4,1071.99484,2.02E+09
15.33201773,6.83E-06,4.10E+11,621.3962555,7806.239788,4.5,1225.335441,2.41E+09
15.33201773,6.83E-06,4.10E+11,621.3962555,7806.239788,5,1378.285219,2.81E+09
15.33201773,6.83E-06,4.10E+11,621.3962555,7806.239788,5.5,1516.46093,3.17E+09
15.33201773,6.83E-06,4.10E+11,621.3962555,7806.239788,6,1634.641175,3.49E+09
15.33201773,6.83E-06,4.10E+11,621.3962555,7806.239788,6.5,1740.338472,3.77E+09
15.33201773,6.83E-06,4.10E+11,621.3962555,7806.239788,7,1836.433608,4.04E+09
15.33201773,6.83E-06,4.10E+11,621.3962555,7806.239788,7.5,1924.49326,4.28E+09
15.33201773,6.83E-06,4.10E+11,621.3962555,7806.239788,8,2005.842868,4.51E+09
15.33201773,6.83E-06,4.10E+11,621.3962555,7806.239788,8.5,2081.496338,4.72E+09
15.33201773,6.83E-06,4.10E+11,621.3962555,7806.239788,9,2152.248858,4.92E+09
15.33201773,6.83E-06,4.10E+11,621.3962555,7806.239788,9.5,2218.910442,5.11E+09
15.33201773,6.83E-06,4.10E+11,621.3962555,7806.239788,10,2282.123457,5.29E+09
20.77433638,8.45E-06,4.46E+11,565.252585,8017.389698,0,293.1500004,1.216894113
20.77433638,8.45E-06,4.46E+11,565.252585,8017.389698,0.5,321.8259284,1.06E+08
20.77433638,8.45E-06,4.46E+11,565.252585,8017.389698,1,376.1332527,2.98E+08
20.77433638,8.45E-06,4.46E+11,565.252585,8017.389698,1.5,448.4476741,5.49E+08
20.77433638,8.45E-06,4.46E+11,565.252585,8017.389698,2,535.2161352,8.50E+08
20.77433638,8.45E-06,4.46E+11,565.252585,8017.389698,2.5,634.0130034,1.19E+09
20.77433638,8.45E-06,4.46E+11,565.252585,8017.389698,3,743.3598963,1.57E+09
20.77433638,8.45E-06,4.46E+11,565.252585,8017.389698,3.5,862.35802,1.99E+09
20.77433638,8.45E-06,4.46E+11,565.252585,8017.389698,4,989.8253852,2.44E+09
20.77433638,8.45E-06,4.46E+11,565.252585,8017.389698,4.5,1125.077559,2.92E+09
20.77433638,8.45E-06,4.46E+11,565.252585,8017.389698,5,1259.29855,3.39E+09
20.77433638,8.45E-06,4.46E+11,565.252585,8017.389698,5.5,1379.544359,3.83E+09
20.77433638,8.45E-06,4.46E+11,565.252585,8017.389698,6,1481.127895,4.20E+09
20.77433638,8.45E-06,4.46E+11,565.252585,8017.389698,6.5,1570.754904,4.54E+09
20.77433638,8.45E-06,4.46E+11,565.252585,8017.389698,7,1651.216018,4.84E+09
20.77433638,8.45E-06,4.46E+11,565.252585,8017.389698,7.5,1724.261057,5.12E+09
20.77433638,8.45E-06,4.46E+11,565.252585,8017.389698,8,1791.152688,5.38E+09
20.77433638,8.45E-06,4.46E+11,565.252585,8017.389698,8.5,1852.934252,5.62E+09
20.77433638,8.45E-06,4.46E+11,565.252585,8017.389698,9,1910.406016,5.84E+09
20.77433638,8.45E-06,4.46E+11,565.252585,8017.389698,9.5,1964.295916,6.05E+09
20.77433638,8.45E-06,4.46E+11,565.252585,8017.389698,10,2015.192499,6.25E+09
5.064457752,7.19E-06,4.44E+11,683.1736131,7559.784671,0,293.1500003,0.90416535
5.064457752,7.19E-06,4.44E+11,683.1736131,7559.784671,0.5,346.0182162,1.69E+08
5.064457752,7.19E-06,4.44E+11,683.1736131,7559.784671,1,444.8908895,4.90E+08
5.064457752,7.19E-06,4.44E+11,683.1736131,7559.784671,1.5,574.3349544,8.99E+08
5.064457752,7.19E-06,4.44E+11,683.1736131,7559.784671,2,729.246278,1.38E+09
5.064457752,7.19E-06,4.44E+11,683.1736131,7559.784671,2.5,906.2039649,1.92E+09
5.064457752,7.19E-06,4.44E+11,683.1736131,7559.784671,3,1103.261227,2.52E+09
5.064457752,7.19E-06,4.44E+11,683.1736131,7559.784671,3.5,1319.28059,3.16E+09
5.064457752,7.19E-06,4.44E+11,683.1736131,7559.784671,4,1552.75508,3.86E+09
5.064457752,7.19E-06,4.44E+11,683.1736131,7559.784671,4.5,1802.799214,4.60E+09
5.064457752,7.19E-06,4.44E+11,683.1736131,7559.784671,5,2053.740193,5.34E+09
5.064457752,7.19E-06,4.44E+11,683.1736131,7559.784671,5.5,2282.387866,6.00E+09
5.064457752,7.19E-06,4.44E+11,683.1736131,7559.784671,6,2480.326319,6.57E+09
5.064457752,7.19E-06,4.44E+11,683.1736131,7559.784671,6.5,2660.863114,7.08E+09
5.064457752,7.19E-06,4.44E+11,683.1736131,7559.784671,7,2828.956758,7.56E+09
5.064457752,7.19E-06,4.44E+11,683.1736131,7559.784671,7.5,2986.879581,8.01E+09
5.064457752,7.19E-06,4.44E+11,683.1736131,7559.784671,8,3136.457566,8.44E+09
5.064457752,7.19E-06,4.44E+11,683.1736131,7559.784671,8.5,3278.895423,8.85E+09
5.064457752,7.19E-06,4.44E+11,683.1736131,7559.784671,9,3415.067296,9.24E+09
5.064457752,7.19E-06,4.44E+11,683.1736131,7559.784671,9.5,3545.67707,9.62E+09
5.064457752,7.19E-06,4.44E+11,683.1736131,7559.784671,10,3671.509746,9.99E+09
18.76421275,8.79E-06,5.44E+11,696.1889874,7886.672434,0,293.1500003,1.273727092
18.76421275,8.79E-06,5.44E+11,696.1889874,7886.672434,0.5,320.3614558,1.29E+08
18.76421275,8.79E-06,5.44E+11,696.1889874,7886.672434,1,371.6809649,3.63E+08
18.76421275,8.79E-06,5.44E+11,696.1889874,7886.672434,1.5,439.9600815,6.66E+08
18.76421275,8.79E-06,5.44E+11,696.1889874,7886.672434,2,522.0437848,1.03E+09
18.76421275,8.79E-06,5.44E+11,696.1889874,7886.672434,2.5,615.8291828,1.44E+09
18.76421275,8.79E-06,5.44E+11,696.1889874,7886.672434,3,720.021068,1.90E+09
18.76421275,8.79E-06,5.44E+11,696.1889874,7886.672434,3.5,833.812891,2.40E+09
18.76421275,8.79E-06,5.44E+11,696.1889874,7886.672434,4,956.1304706,2.94E+09
18.76421275,8.79E-06,5.44E+11,696.1889874,7886.672434,4.5,1086.334421,3.51E+09
18.76421275,8.79E-06,5.44E+11,696.1889874,7886.672434,5,1216.080741,4.09E+09
18.76421275,8.79E-06,5.44E+11,696.1889874,7886.672434,5.5,1333.114481,4.62E+09
18.76421275,8.79E-06,5.44E+11,696.1889874,7886.672434,6,1432.93664,5.08E+09
18.76421275,8.79E-06,5.44E+11,696.1889874,7886.672434,6.5,1522.036508,5.49E+09
18.76421275,8.79E-06,5.44E+11,696.1889874,7886.672434,7,1602.84972,5.87E+09
18.76421275,8.79E-06,5.44E+11,696.1889874,7886.672434,7.5,1676.706916,6.22E+09
18.76421275,8.79E-06,5.44E+11,696.1889874,7886.672434,8,1744.800427,6.55E+09
18.76421275,8.79E-06,5.44E+11,696.1889874,7886.672434,8.5,1808.021118,6.85E+09
18.76421275,8.79E-06,5.44E+11,696.1889874,7886.672434,9,1867.151976,7.14E+09
18.76421275,8.79E-06,5.44E+11,696.1889874,7886.672434,9.5,1922.740017,7.41E+09
18.76421275,8.79E-06,5.44E+11,696.1889874,7886.672434,10,1975.417801,7.67E+09
11.41490218,8.72E-06,4.91E+11,592.120874,7854.16515,0,293.1500004,1.346713253
11.41490218,8.72E-06,4.91E+11,592.120874,7854.16515,0.5,330.7901039,1.62E+08
11.41490218,8.72E-06,4.91E+11,592.120874,7854.16515,1,401.4689248,4.55E+08
11.41490218,8.72E-06,4.91E+11,592.120874,7854.16515,1.5,495.2677829,8.33E+08
11.41490218,8.72E-06,4.91E+11,592.120874,7854.16515,2,608.0202197,1.28E+09
11.41490218,8.72E-06,4.91E+11,592.120874,7854.16515,2.5,737.0751973,1.79E+09
11.41490218,8.72E-06,4.91E+11,592.120874,7854.16515,3,880.823809,2.35E+09
11.41490218,8.72E-06,4.91E+11,592.120874,7854.16515,3.5,1038.258064,2.97E+09
11.41490218,8.72E-06,4.91E+11,592.120874,7854.16515,4,1208.016595,3.64E+09
11.41490218,8.72E-06,4.91E+11,592.120874,7854.16515,4.5,1389.268569,4.35E+09
11.41490218,8.72E-06,4.91E+11,592.120874,7854.16515,5,1570.545996,5.07E+09
11.41490218,8.72E-06,4.91E+11,592.120874,7854.16515,5.5,1734.986374,5.72E+09
11.41490218,8.72E-06,4.91E+11,592.120874,7854.16515,6,1876.517957,6.29E+09
11.41490218,8.72E-06,4.91E+11,592.120874,7854.16515,6.5,2004.025221,6.80E+09
11.41490218,8.72E-06,4.91E+11,592.120874,7854.16515,7,2120.833688,7.28E+09
11.41490218,8.72E-06,4.91E+11,592.120874,7854.16515,7.5,2228.662233,7.73E+09
11.41490218,8.72E-06,4.91E+11,592.120874,7854.16515,8,2328.932485,8.15E+09
11.41490218,8.72E-06,4.91E+11,592.120874,7854.16515,8.5,2422.713797,8.54E+09
11.41490218,8.72E-06,4.91E+11,592.120874,7854.16515,9,2510.842297,8.92E+09
11.41490218,8.72E-06,4.91E+11,592.120874,7854.16515,9.5,2594.087481,9.27E+09
11.41490218,8.72E-06,4.91E+11,592.120874,7854.16515,10,2673.196345,9.61E+09
15.97884239,8.80E-06,4.64E+11,690.6795336,6071.787439,0,293.1500004,1.423835851
15.97884239,8.80E-06,4.64E+11,690.6795336,6071.787439,0.5,326.979733,1.37E+08
15.97884239,8.80E-06,4.64E+11,690.6795336,6071.787439,1,390.8780626,3.83E+08
15.97884239,8.80E-06,4.64E+11,690.6795336,6071.787439,1.5,475.9367603,7.05E+08
15.97884239,8.80E-06,4.64E+11,690.6795336,6071.787439,2,578.145882,1.09E+09
15.97884239,8.80E-06,4.64E+11,690.6795336,6071.787439,2.5,694.800872,1.53E+09
15.97884239,8.80E-06,4.64E+11,690.6795336,6071.787439,3,824.2382625,2.01E+09
15.97884239,8.80E-06,4.64E+11,690.6795336,6071.787439,3.5,965.4297923,2.54E+09
15.97884239,8.80E-06,4.64E+11,690.6795336,6071.787439,4,1117.012753,3.12E+09
15.97884239,8.80E-06,4.64E+11,690.6795336,6071.787439,4.5,1278.184137,3.73E+09
15.97884239,8.80E-06,4.64E+11,690.6795336,6071.787439,5,1438.557025,4.34E+09
15.97884239,8.80E-06,4.64E+11,690.6795336,6071.787439,5.5,1582.879767,4.90E+09
15.97884239,8.80E-06,4.64E+11,690.6795336,6071.787439,6,1705.659189,5.39E+09
15.97884239,8.80E-06,4.64E+11,690.6795336,6071.787439,6.5,1814.724704,5.82E+09
15.97884239,8.80E-06,4.64E+11,690.6795336,6071.787439,7,1913.189748,6.22E+09
15.97884239,8.80E-06,4.64E+11,690.6795336,6071.787439,7.5,2002.991562,6.59E+09
15.97884239,8.80E-06,4.64E+11,690.6795336,6071.787439,8,2085.579953,6.93E+09
15.97884239,8.80E-06,4.64E+11,690.6795336,6071.787439,8.5,2162.198782,7.25E+09
15.97884239,8.80E-06,4.64E+11,690.6795336,6071.787439,9,2233.656933,7.54E+09
15.97884239,8.80E-06,4.64E+11,690.6795336,6071.787439,9.5,2300.802853,7.82E+09
15.97884239,8.80E-06,4.64E+11,690.6795336,6071.787439,10,2364.277041,8.09E+09
21.19887177,8.19E-06,4.28E+11,661.3902325,6691.533885,0,293.1500004,1.158101685
21.19887177,8.19E-06,4.28E+11,661.3902325,6691.533885,0.5,321.9099047,9.90E+07
21.19887177,8.19E-06,4.28E+11,661.3902325,6691.533885,1,376.4090293,2.78E+08
21.19887177,8.19E-06,4.28E+11,661.3902325,6691.533885,1.5,448.9753867,5.12E+08
21.19887177,8.19E-06,4.28E+11,661.3902325,6691.533885,2,536.0042647,7.92E+08
21.19887177,8.19E-06,4.28E+11,661.3902325,6691.533885,2.5,635.0319428,1.11E+09
21.19887177,8.19E-06,4.28E+11,661.3902325,6691.533885,3,744.5616947,1.47E+09
21.19887177,8.19E-06,4.28E+11,661.3902325,6691.533885,3.5,863.687635,1.85E+09
21.19887177,8.19E-06,4.28E+11,661.3902325,6691.533885,4,991.2203979,2.27E+09
21.19887177,8.19E-06,4.28E+11,661.3902325,6691.533885,4.5,1126.474106,2.72E+09
21.19887177,8.19E-06,4.28E+11,661.3902325,6691.533885,5,1260.605914,3.16E+09
21.19887177,8.19E-06,4.28E+11,661.3902325,6691.533885,5.5,1380.632395,3.57E+09
21.19887177,8.19E-06,4.28E+11,661.3902325,6691.533885,6,1481.863008,3.91E+09
21.19887177,8.19E-06,4.28E+11,661.3902325,6691.533885,6.5,1571.016498,4.23E+09
21.19887177,8.19E-06,4.28E+11,661.3902325,6691.533885,7,1650.966776,4.51E+09
21.19887177,8.19E-06,4.28E+11,661.3902325,6691.533885,7.5,1723.434204,4.77E+09
21.19887177,8.19E-06,4.28E+11,661.3902325,6691.533885,8,1789.732224,5.00E+09
21.19887177,8.19E-06,4.28E+11,661.3902325,6691.533885,8.5,1850.921294,5.22E+09
21.19887177,8.19E-06,4.28E+11,661.3902325,6691.533885,9,1907.811734,5.43E+09
21.19887177,8.19E-06,4.28E+11,661.3902325,6691.533885,9.5,1961.145976,5.62E+09
21.19887177,8.19E-06,4.28E+11,661.3902325,6691.533885,10,2011.495588,5.80E+09
13.01144373,9.21E-06,4.13E+11,532.7271485,8476.76441,0,293.1500004,1.230769429
13.01144373,9.21E-06,4.13E+11,532.7271485,8476.76441,0.5,329.0478861,1.37E+08
13.01144373,9.21E-06,4.13E+11,532.7271485,8476.76441,1,396.5869279,3.83E+08
13.01144373,9.21E-06,4.13E+11,532.7271485,8476.76441,1.5,486.3418188,7.02E+08
13.01144373,9.21E-06,4.13E+11,532.7271485,8476.76441,2,594.2644469,1.08E+09
13.01144373,9.21E-06,4.13E+11,532.7271485,8476.76441,2.5,717.7184066,1.51E+09
13.01144373,9.21E-06,4.13E+11,532.7271485,8476.76441,3,855.0867732,1.99E+09
13.01144373,9.21E-06,4.13E+11,532.7271485,8476.76441,3.5,1005.356041,2.51E+09
13.01144373,9.21E-06,4.13E+11,532.7271485,8476.76441,4,1167.165941,3.08E+09
13.01144373,9.21E-06,4.13E+11,532.7271485,8476.76441,4.5,1339.695062,3.69E+09
13.01144373,9.21E-06,4.13E+11,532.7271485,8476.76441,5,1511.968246,4.29E+09
13.01144373,9.21E-06,4.13E+11,532.7271485,8476.76441,5.5,1667.858908,4.84E+09
13.01144373,9.21E-06,4.13E+11,532.7271485,8476.76441,6,1801.552408,5.33E+09
13.01144373,9.21E-06,4.13E+11,532.7271485,8476.76441,6.5,1921.447613,5.76E+09
13.01144373,9.21E-06,4.13E+11,532.7271485,8476.76441,7,2030.740297,6.16E+09
13.01144373,9.21E-06,4.13E+11,532.7271485,8476.76441,7.5,2131.192826,6.54E+09
13.01144373,9.21E-06,4.13E+11,532.7271485,8476.76441,8,2224.214052,6.89E+09
13.01144373,9.21E-06,4.13E+11,532.7271485,8476.76441,8.5,2310.898307,7.22E+09
13.01144373,9.21E-06,4.13E+11,532.7271485,8476.76441,9,2392.104243,7.53E+09
13.01144373,9.21E-06,4.13E+11,532.7271485,8476.76441,9.5,2468.630592,7.82E+09
13.01144373,9.21E-06,4.13E+11,532.7271485,8476.76441,10,2541.245928,8.10E+09
17.87056834,9.18E-06,4.37E+11,584.9765836,8064.355561,0,293.1500004,1.241533619
17.87056834,9.18E-06,4.37E+11,584.9765836,8064.355561,0.5,323.3066581,1.20E+08
17.87056834,9.18E-06,4.37E+11,584.9765836,8064.355561,1,380.2623967,3.35E+08
17.87056834,9.18E-06,4.37E+11,584.9765836,8064.355561,1.5,456.0777566,6.16E+08
17.87056834,9.18E-06,4.37E+11,584.9765836,8064.355561,2,547.1826796,9.51E+08
17.87056834,9.18E-06,4.37E+11,584.9765836,8064.355561,2.5,651.1706337,1.33E+09
17.87056834,9.18E-06,4.37E+11,584.9765836,8064.355561,3,766.5612281,1.76E+09
17.87056834,9.18E-06,4.37E+11,584.9765836,8064.355561,3.5,892.4389609,2.22E+09
17.87056834,9.18E-06,4.37E+11,584.9765836,8064.355561,4,1027.590244,2.73E+09
17.87056834,9.18E-06,4.37E+11,584.9765836,8064.355561,4.5,1171.299552,3.26E+09
17.87056834,9.18E-06,4.37E+11,584.9765836,8064.355561,5,1314.308297,3.80E+09
17.87056834,9.18E-06,4.37E+11,584.9765836,8064.355561,5.5,1443.021036,4.29E+09
17.87056834,9.18E-06,4.37E+11,584.9765836,8064.355561,6,1552.50017,4.71E+09
17.87056834,9.18E-06,4.37E+11,584.9765836,8064.355561,6.5,1649.803376,5.09E+09
17.87056834,9.18E-06,4.37E+11,584.9765836,8064.355561,7,1737.720277,5.44E+09
17.87056834,9.18E-06,4.37E+11,584.9765836,8064.355561,7.5,1817.868372,5.76E+09
17.87056834,9.18E-06,4.37E+11,584.9765836,8064.355561,8,1891.581836,6.06E+09
17.87056834,9.18E-06,4.37E+11,584.9765836,8064.355561,8.5,1959.981368,6.34E+09
17.87056834,9.18E-06,4.37E+11,584.9765836,8064.355561,9,2023.779726,6.60E+09
17.87056834,9.18E-06,4.37E+11,584.9765836,8064.355561,9.5,2083.699651,6.84E+09
17.87056834,9.18E-06,4.37E+11,584.9765836,8064.355561,10,2140.387317,7.07E+09
5.465572781,6.11E-06,5.17E+11,537.216075,7238.065202,0,293.1500005,1.187822152
5.465572781,6.11E-06,5.17E+11,537.216075,7238.065202,0.5,351.9536588,1.88E+08
5.465572781,6.11E-06,5.17E+11,537.216075,7238.065202,1,462.7140181,5.37E+08
5.465572781,6.11E-06,5.17E+11,537.216075,7238.065202,1.5,607.7375618,9.81E+08
5.465572781,6.11E-06,5.17E+11,537.216075,7238.065202,2,781.7162111,1.50E+09
5.465572781,6.11E-06,5.17E+11,537.216075,7238.065202,2.5,981.2221899,2.10E+09
5.465572781,6.11E-06,5.17E+11,537.216075,7238.065202,3,1203.210869,2.75E+09
5.465572781,6.11E-06,5.17E+11,537.216075,7238.065202,3.5,1446.390803,3.46E+09
5.465572781,6.11E-06,5.17E+11,537.216075,7238.065202,4,1709.581343,4.23E+09
5.465572781,6.11E-06,5.17E+11,537.216075,7238.065202,4.5,1990.881982,5.04E+09
5.465572781,6.11E-06,5.17E+11,537.216075,7238.065202,5,2285.362917,5.89E+09
5.465572781,6.11E-06,5.17E+11,537.216075,7238.065202,5.5,2541.081595,6.63E+09
5.465572781,6.11E-06,5.17E+11,537.216075,7238.065202,6,2763.207467,7.26E+09
5.465572781,6.11E-06,5.17E+11,537.216075,7238.065202,6.5,2965.411812,7.84E+09
5.465572781,6.11E-06,5.17E+11,537.216075,7238.065202,7,3152.813834,8.37E+09
5.465572781,6.11E-06,5.17E+11,537.216075,7238.065202,7.5,3328.282155,8.88E+09
5.465572781,6.11E-06,5.17E+11,537.216075,7238.065202,8,3494.022,9.37E+09
5.465572781,6.11E-06,5.17E+11,537.216075,7238.065202,8.5,3651.235202,9.83E+09
5.465572781,6.11E-06,5.17E+11,537.216075,7238.065202,9,3800.82159,1.03E+10
5.465572781,6.11E-06,5.17E+11,537.216075,7238.065202,9.5,3942.907804,1.07E+10
5.465572781,6.11E-06,5.17E+11,537.216075,7238.065202,10,4079.056075,1.11E+10
18.84959897,8.99E-06,4.87E+11,588.8602225,8222.150095,0,293.1500004,1.322342751
18.84959897,8.99E-06,4.87E+11,588.8602225,8222.150095,0.5,322.1532683,1.26E+08
18.84959897,8.99E-06,4.87E+11,588.8602225,8222.150095,1,376.9524174,3.52E+08
18.84959897,8.99E-06,4.87E+11,588.8602225,8222.150095,1.5,449.904181,6.47E+08
18.84959897,8.99E-06,4.87E+11,588.8602225,8222.150095,2,537.5543326,1.00E+09
18.84959897,8.99E-06,4.87E+11,588.8602225,8222.150095,2.5,637.56852,1.40E+09
18.84959897,8.99E-06,4.87E+11,588.8602225,8222.150095,3,748.5118942,1.85E+09
18.84959897,8.99E-06,4.87E+11,588.8602225,8222.150095,3.5,869.4990218,2.34E+09
18.84959897,8.99E-06,4.87E+11,588.8602225,8222.150095,4,999.3575949,2.87E+09
18.84959897,8.99E-06,4.87E+11,588.8602225,8222.150095,4.5,1137.398206,3.43E+09
18.84959897,8.99E-06,4.87E+11,588.8602225,8222.150095,5,1274.713896,3.99E+09
18.84959897,8.99E-06,4.87E+11,588.8602225,8222.150095,5.5,1398.22587,4.51E+09
18.84959897,8.99E-06,4.87E+11,588.8602225,8222.150095,6,1503.173437,4.95E+09
18.84959897,8.99E-06,4.87E+11,588.8602225,8222.150095,6.5,1596.364063,5.35E+09
18.84959897,8.99E-06,4.87E+11,588.8602225,8222.150095,7,1680.498038,5.72E+09
18.84959897,8.99E-06,4.87E+11,588.8602225,8222.150095,7.5,1757.125099,6.05E+09
18.84959897,8.99E-06,4.87E+11,588.8602225,8222.150095,8,1827.589132,6.36E+09
18.84959897,8.99E-06,4.87E+11,588.8602225,8222.150095,8.5,1892.910945,6.65E+09
18.84959897,8.99E-06,4.87E+11,588.8602225,8222.150095,9,1953.813298,6.93E+09
18.84959897,8.99E-06,4.87E+11,588.8602225,8222.150095,9.5,2010.989297,7.18E+09
18.84959897,8.99E-06,4.87E+11,588.8602225,8222.150095,10,2065.076958,7.42E+09
8.005193318,7.68E-06,4.79E+11,603.411835,6353.374721,0,293.1500005,1.40367175
8.005193318,7.68E-06,4.79E+11,603.411835,6353.374721,0.5,342.4971453,1.83E+08
8.005193318,7.68E-06,4.79E+11,603.411835,6353.374721,1,435.3482497,5.17E+08
8.005193318,7.68E-06,4.79E+11,603.411835,6353.374721,1.5,557.7070536,9.44E+08
8.005193318,7.68E-06,4.79E+11,603.411835,6353.374721,2,704.9802646,1.45E+09
8.005193318,7.68E-06,4.79E+11,603.411835,6353.374721,2.5,873.6988761,2.02E+09
8.005193318,7.68E-06,4.79E+11,603.411835,6353.374721,3,1061.659002,2.66E+09
8.005193318,7.68E-06,4.79E+11,603.411835,6353.374721,3.5,1267.380652,3.35E+09
8.005193318,7.68E-06,4.79E+11,603.411835,6353.374721,4,1489.659025,4.10E+09
8.005193318,7.68E-06,4.79E+11,603.411835,6353.374721,4.5,1727.34175,4.91E+09
8.005193318,7.68E-06,4.79E+11,603.411835,6353.374721,5,1973.064658,5.74E+09
8.005193318,7.68E-06,4.79E+11,603.411835,6353.374721,5.5,2188.685604,6.47E+09
8.005193318,7.68E-06,4.79E+11,603.411835,6353.374721,6,2374.803255,7.10E+09
8.005193318,7.68E-06,4.79E+11,603.411835,6353.374721,6.5,2542.953881,7.67E+09
8.005193318,7.68E-06,4.79E+11,603.411835,6353.374721,7,2697.500133,8.21E+09
8.005193318,7.68E-06,4.79E+11,603.411835,6353.374721,7.5,2840.93223,8.71E+09
8.005193318,7.68E-06,4.79E+11,603.411835,6353.374721,8,2974.949744,9.19E+09
8.005193318,7.68E-06,4.79E+11,603.411835,6353.374721,8.5,3101.327583,9.64E+09
8.005193318,7.68E-06,4.79E+11,603.411835,6353.374721,9,3220.44297,1.01E+10
8.005193318,7.68E-06,4.79E+11,603.411835,6353.374721,9.5,3333.444223,1.05E+10
8.005193318,7.68E-06,4.79E+11,603.411835,6353.374721,10,3440.279355,1.09E+10
24.13358659,7.46E-06,4.81E+11,670.2455726,7142.939384,0,293.1500004,1.094943346
24.13358659,7.46E-06,4.81E+11,670.2455726,7142.939384,0.5,319.1015922,9.11E+07
24.13358659,7.46E-06,4.81E+11,670.2455726,7142.939384,1,368.3149529,2.56E+08
24.13358659,7.46E-06,4.81E+11,670.2455726,7142.939384,1.5,433.8349477,4.72E+08
24.13358659,7.46E-06,4.81E+11,670.2455726,7142.939384,2,512.36389,7.30E+08
24.13358659,7.46E-06,4.81E+11,670.2455726,7142.939384,2.5,601.6468248,1.03E+09
24.13358659,7.46E-06,4.81E+11,670.2455726,7142.939384,3,700.3196123,1.35E+09
24.13358659,7.46E-06,4.81E+11,670.2455726,7142.939384,3.5,807.5610341,1.71E+09
24.13358659,7.46E-06,4.81E+11,670.2455726,7142.939384,4,922.2948213,2.10E+09
24.13358659,7.46E-06,4.81E+11,670.2455726,7142.939384,4.5,1043.903245,2.51E+09
24.13358659,7.46E-06,4.81E+11,670.2455726,7142.939384,5,1164.40623,2.92E+09
24.13358659,7.46E-06,4.81E+11,670.2455726,7142.939384,5.5,1272.086615,3.29E+09
24.13358659,7.46E-06,4.81E+11,670.2455726,7142.939384,6,1362.687986,3.61E+09
24.13358659,7.46E-06,4.81E+11,670.2455726,7142.939384,6.5,1442.373792,3.89E+09
24.13358659,7.46E-06,4.81E+11,670.2455726,7142.939384,7,1513.730045,4.15E+09
24.13358659,7.46E-06,4.81E+11,670.2455726,7142.939384,7.5,1578.276321,4.39E+09
24.13358659,7.46E-06,4.81E+11,670.2455726,7142.939384,8,1637.262568,4.60E+09
24.13358659,7.46E-06,4.81E+11,670.2455726,7142.939384,8.5,1691.659833,4.80E+09
24.13358659,7.46E-06,4.81E+11,670.2455726,7142.939384,9,1742.206925,4.99E+09
24.13358659,7.46E-06,4.81E+11,670.2455726,7142.939384,9.5,1789.557085,5.16E+09
24.13358659,7.46E-06,4.81E+11,670.2455726,7142.939384,10,1834.273208,5.33E+09
23.17016688,8.84E-06,4.89E+11,681.592631,6472.736815,0,293.1500004,1.431147023
23.17016688,8.84E-06,4.89E+11,681.592631,6472.736815,0.5,320.7739554,1.17E+08
23.17016688,8.84E-06,4.89E+11,681.592631,6472.736815,1,373.1831334,3.27E+08
23.17016688,8.84E-06,4.89E+11,681.592631,6472.736815,1.5,442.9474296,6.04E+08
23.17016688,8.84E-06,4.89E+11,681.592631,6472.736815,2,526.5171341,9.36E+08
23.17016688,8.84E-06,4.89E+11,681.592631,6472.736815,2.5,621.465814,1.31E+09
23.17016688,8.84E-06,4.89E+11,681.592631,6472.736815,3,726.331007,1.73E+09
23.17016688,8.84E-06,4.89E+11,681.592631,6472.736815,3.5,840.2361762,2.19E+09
23.17016688,8.84E-06,4.89E+11,681.592631,6472.736815,4,962.0341092,2.69E+09
23.17016688,8.84E-06,4.89E+11,681.592631,6472.736815,4.5,1091.068821,3.21E+09
23.17016688,8.84E-06,4.89E+11,681.592631,6472.736815,5,1218.846753,3.74E+09
23.17016688,8.84E-06,4.89E+11,681.592631,6472.736815,5.5,1332.896769,4.21E+09
23.17016688,8.84E-06,4.89E+11,681.592631,6472.736815,6,1428.721698,4.62E+09
23.17016688,8.84E-06,4.89E+11,681.592631,6472.736815,6.5,1512.879304,4.98E+09
23.17016688,8.84E-06,4.89E+11,681.592631,6472.736815,7,1588.061827,5.31E+09
23.17016688,8.84E-06,4.89E+11,681.592631,6472.736815,7.5,1656.032109,5.61E+09
23.17016688,8.84E-06,4.89E+11,681.592631,6472.736815,8,1718.095028,5.88E+09
23.17016688,8.84E-06,4.89E+11,681.592631,6472.736815,8.5,1775.295251,6.14E+09
23.17016688,8.84E-06,4.89E+11,681.592631,6472.736815,9,1828.424466,6.37E+09
23.17016688,8.84E-06,4.89E+11,681.592631,6472.736815,9.5,1878.204947,6.60E+09
23.17016688,8.84E-06,4.89E+11,681.592631,6472.736815,10,1925.178455,6.81E+09
13.41278805,9.32E-06,4.15E+11,555.3095635,7271.706345,0,293.1500004,1.402068861
13.41278805,9.32E-06,4.15E+11,555.3095635,7271.706345,0.5,330.6575558,1.45E+08
13.41278805,9.32E-06,4.15E+11,555.3095635,7271.706345,1,401.3626412,4.05E+08
13.41278805,9.32E-06,4.15E+11,555.3095635,7271.706345,1.5,495.4184292,7.44E+08
13.41278805,9.32E-06,4.15E+11,555.3095635,7271.706345,2,608.4988281,1.15E+09
13.41278805,9.32E-06,4.15E+11,555.3095635,7271.706345,2.5,738.0847211,1.61E+09
13.41278805,9.32E-06,4.15E+11,555.3095635,7271.706345,3,881.7570101,2.12E+09
13.41278805,9.32E-06,4.15E+11,555.3095635,7271.706345,3.5,1038.450426,2.68E+09
13.41278805,9.32E-06,4.15E+11,555.3095635,7271.706345,4,1207.197994,3.28E+09
13.41278805,9.32E-06,4.15E+11,555.3095635,7271.706345,4.5,1386.548805,3.92E+09
13.41278805,9.32E-06,4.15E+11,555.3095635,7271.706345,5,1573.162867,4.59E+09
13.41278805,9.32E-06,4.15E+11,555.3095635,7271.706345,5.5,1733.709294,5.18E+09
13.41278805,9.32E-06,4.15E+11,555.3095635,7271.706345,6,1871.221784,5.69E+09
13.41278805,9.32E-06,4.15E+11,555.3095635,7271.706345,6.5,1993.806015,6.15E+09
13.41278805,9.32E-06,4.15E+11,555.3095635,7271.706345,7,2104.880062,6.57E+09
13.41278805,9.32E-06,4.15E+11,555.3095635,7271.706345,7.5,2206.616143,6.96E+09
13.41278805,9.32E-06,4.15E+11,555.3095635,7271.706345,8,2300.931894,7.33E+09
13.41278805,9.32E-06,4.15E+11,555.3095635,7271.706345,8.5,2388.717038,7.67E+09
13.41278805,9.32E-06,4.15E+11,555.3095635,7271.706345,9,2471.091549,7.99E+09
13.41278805,9.32E-06,4.15E+11,555.3095635,7271.706345,9.5,2548.102877,8.29E+09
13.41278805,9.32E-06,4.15E+11,555.3095635,7271.706345,10,2621.001745,8.58E+09
22.44750492,6.31E-06,5.20E+11,653.7726516,6380.24439,0,293.1500004,1.148965018
22.44750492,6.31E-06,5.20E+11,653.7726516,6380.24439,0.5,322.0332776,9.24E+07
22.44750492,6.31E-06,5.20E+11,653.7726516,6380.24439,1,376.8480431,2.60E+08
22.44750492,6.31E-06,5.20E+11,653.7726516,6380.24439,1.5,449.8061022,4.79E+08
22.44750492,6.31E-06,5.20E+11,653.7726516,6380.24439,2,537.1708731,7.42E+08
22.44750492,6.31E-06,5.20E+11,653.7726516,6380.24439,2.5,636.3894163,1.04E+09
22.44750492,6.31E-06,5.20E+11,653.7726516,6380.24439,3,745.9265754,1.38E+09
22.44750492,6.31E-06,5.20E+11,653.7726516,6380.24439,3.5,864.8646814,1.74E+09
22.44750492,6.31E-06,5.20E+11,653.7726516,6380.24439,4,992.0036121,2.13E+09
22.44750492,6.31E-06,5.20E+11,653.7726516,6380.24439,4.5,1126.658639,2.55E+09
22.44750492,6.31E-06,5.20E+11,653.7726516,6380.24439,5,1259.949509,2.96E+09
22.44750492,6.31E-06,5.20E+11,653.7726516,6380.24439,5.5,1378.837296,3.34E+09
22.44750492,6.31E-06,5.20E+11,653.7726516,6380.24439,6,1478.658272,3.66E+09
22.44750492,6.31E-06,5.20E+11,653.7726516,6380.24439,6.5,1566.219372,3.95E+09
22.44750492,6.31E-06,5.20E+11,653.7726516,6380.24439,7,1644.340553,4.21E+09
22.44750492,6.31E-06,5.20E+11,653.7726516,6380.24439,7.5,1714.949737,4.45E+09
22.44750492,6.31E-06,5.20E+11,653.7726516,6380.24439,8,1779.391135,4.66E+09
22.44750492,6.31E-06,5.20E+11,653.7726516,6380.24439,8.5,1838.763437,4.86E+09
22.44750492,6.31E-06,5.20E+11,653.7726516,6380.24439,9,1893.897284,5.05E+09
22.44750492,6.31E-06,5.20E+11,653.7726516,6380.24439,9.5,1945.567712,5.22E+09
22.44750492,6.31E-06,5.20E+11,653.7726516,6380.24439,10,1994.296412,5.39E+09
17.64280645,6.43E-06,5.12E+11,673.9684359,7099.219062,0,293.1500004,1.005274938
17.64280645,6.43E-06,5.12E+11,673.9684359,7099.219062,0.5,323.2672322,9.83E+07
17.64280645,6.43E-06,5.12E+11,673.9684359,7099.219062,1,380.1262281,2.75E+08
17.64280645,6.43E-06,5.12E+11,673.9684359,7099.219062,1.5,455.8044788,5.06E+08
17.64280645,6.43E-06,5.12E+11,673.9684359,7099.219062,2,546.7569952,7.81E+08
17.64280645,6.43E-06,5.12E+11,673.9684359,7099.219062,2.5,650.6005962,1.09E+09
17.64280645,6.43E-06,5.12E+11,673.9684359,7099.219062,3,765.8683834,1.44E+09
17.64280645,6.43E-06,5.12E+11,673.9684359,7099.219062,3.5,891.6513829,1.82E+09
17.64280645,6.43E-06,5.12E+11,673.9684359,7099.219062,4,1026.743199,2.24E+09
17.64280645,6.43E-06,5.12E+11,673.9684359,7099.219062,4.5,1170.430749,2.68E+09
17.64280645,6.43E-06,5.12E+11,673.9684359,7099.219062,5,1313.470333,3.12E+09
17.64280645,6.43E-06,5.12E+11,673.9684359,7099.219062,5.5,1442.287818,3.52E+09
17.64280645,6.43E-06,5.12E+11,673.9684359,7099.219062,6,1551.948719,3.86E+09
17.64280645,6.43E-06,5.12E+11,673.9684359,7099.219062,6.5,1649.512105,4.18E+09
17.64280645,6.43E-06,5.12E+11,673.9684359,7099.219062,7,1737.752778,4.46E+09
17.64280645,6.43E-06,5.12E+11,673.9684359,7099.219062,7.5,1818.253422,4.73E+09
17.64280645,6.43E-06,5.12E+11,673.9684359,7099.219062,8,1892.326347,4.97E+09
17.64280645,6.43E-06,5.12E+11,673.9684359,7099.219062,8.5,1961.08256,5.20E+09
17.64280645,6.43E-06,5.12E+11,673.9684359,7099.219062,9,2025.260607,5.42E+09
17.64280645,6.43E-06,5.12E+11,673.9684359,7099.219062,9.5,2085.551405,5.62E+09
17.64280645,6.43E-06,5.12E+11,673.9684359,7099.219062,10,2142.608631,5.81E+09
6.869151628,9.48E-06,5.35E+11,641.2299305,7301.459528,0,293.1500004,1.58556498
6.869151628,9.48E-06,5.35E+11,641.2299305,7301.459528,0.5,340.9991653,2.46E+08
6.869151628,9.48E-06,5.35E+11,641.2299305,7301.459528,1,430.9192322,7.00E+08
6.869151628,9.48E-06,5.35E+11,641.2299305,7301.459528,1.5,548.9707235,1.28E+09
6.869151628,9.48E-06,5.35E+11,641.2299305,7301.459528,2,690.7680259,1.96E+09
6.869151628,9.48E-06,5.35E+11,641.2299305,7301.459528,2.5,853.073963,2.74E+09
6.869151628,9.48E-06,5.35E+11,641.2299305,7301.459528,3,1033.911762,3.59E+09
6.869151628,9.48E-06,5.35E+11,641.2299305,7301.459528,3.5,1231.994894,4.52E+09
6.869151628,9.48E-06,5.35E+11,641.2299305,7301.459528,4,1446.279146,5.52E+09
6.869151628,9.48E-06,5.35E+11,641.2299305,7301.459528,4.5,1675.766425,6.59E+09
6.869151628,9.48E-06,5.35E+11,641.2299305,7301.459528,5,1912.582829,7.69E+09
6.869151628,9.48E-06,5.35E+11,641.2299305,7301.459528,5.5,2117.310947,8.63E+09
6.869151628,9.48E-06,5.35E+11,641.2299305,7301.459528,6,2298.952339,9.47E+09
6.869151628,9.48E-06,5.35E+11,641.2299305,7301.459528,6.5,2464.080761,1.02E+10
6.869151628,9.48E-06,5.35E+11,641.2299305,7301.459528,7,2616.940385,1.09E+10
6.869151628,9.48E-06,5.35E+11,641.2299305,7301.459528,7.5,2759.882196,1.16E+10
6.869151628,9.48E-06,5.35E+11,641.2299305,7301.459528,8,2894.458082,1.22E+10
6.869151628,9.48E-06,5.35E+11,641.2299305,7301.459528,8.5,3021.778431,1.28E+10
6.869151628,9.48E-06,5.35E+11,641.2299305,7301.459528,9,3143.004015,1.34E+10
6.869151628,9.48E-06,5.35E+11,641.2299305,7301.459528,9.5,3258.527286,1.40E+10
6.869151628,9.48E-06,5.35E+11,641.2299305,7301.459528,10,3368.976513,1.45E+10
8.557582177,9.12E-06,5.23E+11,560.9139441,8432.420635,0,293.1500004,1.474302768
8.557582177,9.12E-06,5.23E+11,560.9139441,8432.420635,0.5,335.9943575,2.06E+08
8.557582177,9.12E-06,5.23E+11,560.9139441,8432.420635,1,416.236622,5.83E+08
8.557582177,9.12E-06,5.23E+11,560.9139441,8432.420635,1.5,522.4062635,1.07E+09
8.557582177,9.12E-06,5.23E+11,560.9139441,8432.420635,2,649.8524982,1.64E+09
8.557582177,9.12E-06,5.23E+11,560.9139441,8432.420635,2.5,795.7222338,2.29E+09
8.557582177,9.12E-06,5.23E+11,560.9139441,8432.420635,3,958.3346898,3.00E+09
8.557582177,9.12E-06,5.23E+11,560.9139441,8432.420635,3.5,1136.655845,3.78E+09
8.557582177,9.12E-06,5.23E+11,560.9139441,8432.420635,4,1329.281526,4.62E+09
8.557582177,9.12E-06,5.23E+11,560.9139441,8432.420635,4.5,1535.348757,5.53E+09
8.557582177,9.12E-06,5.23E+11,560.9139441,8432.420635,5,1741.905868,6.43E+09
8.557582177,9.12E-06,5.23E+11,560.9139441,8432.420635,5.5,1929.874087,7.25E+09
8.557582177,9.12E-06,5.23E+11,560.9139441,8432.420635,6,2092.4176,7.95E+09
8.557582177,9.12E-06,5.23E+11,560.9139441,8432.420635,6.5,2239.835565,8.60E+09
8.557582177,9.12E-06,5.23E+11,560.9139441,8432.420635,7,2375.950722,9.20E+09
8.557582177,9.12E-06,5.23E+11,560.9139441,8432.420635,7.5,2502.556047,9.77E+09
8.557582177,9.12E-06,5.23E+11,560.9139441,8432.420635,8,2621.176208,1.03E+10
8.557582177,9.12E-06,5.23E+11,560.9139441,8432.420635,8.5,2732.89295,1.08E+10
8.557582177,9.12E-06,5.23E+11,560.9139441,8432.420635,9,2838.532189,1.13E+10
8.557582177,9.12E-06,5.23E+11,560.9139441,8432.420635,9.5,2938.834832,1.18E+10
8.557582177,9.12E-06,5.23E+11,560.9139441,8432.420635,10,3034.572444,1.22E+10
8.718950397,7.67E-06,4.58E+11,596.0832273,8366.556035,0,293.1500004,1.030107092
8.718950397,7.67E-06,4.58E+11,596.0832273,8366.556035,0.5,334.4538692,1.47E+08
8.718950397,7.67E-06,4.58E+11,596.0832273,8366.556035,1,411.8067739,4.14E+08
8.718950397,7.67E-06,4.58E+11,596.0832273,8366.556035,1.5,514.1159618,7.59E+08
8.718950397,7.67E-06,4.58E+11,596.0832273,8366.556035,2,636.903385,1.17E+09
8.718950397,7.67E-06,4.58E+11,596.0832273,8366.556035,2.5,777.4300619,1.62E+09
8.718950397,7.67E-06,4.58E+11,596.0832273,8366.556035,3,934.0879804,2.13E+09
8.718950397,7.67E-06,4.58E+11,596.0832273,8366.556035,3.5,1105.890938,2.69E+09
8.718950397,7.67E-06,4.58E+11,596.0832273,8366.556035,4,1291.499817,3.29E+09
8.718950397,7.67E-06,4.58E+11,596.0832273,8366.556035,4.5,1490.092063,3.93E+09
8.718950397,7.67E-06,4.58E+11,596.0832273,8366.556035,5,1689.191865,4.57E+09
8.718950397,7.67E-06,4.58E+11,596.0832273,8366.556035,5.5,1870.417205,5.15E+09
8.718950397,7.67E-06,4.58E+11,596.0832273,8366.556035,6,2027.163952,5.65E+09
8.718950397,7.67E-06,4.58E+11,596.0832273,8366.556035,6.5,2169.430571,6.11E+09
8.718950397,7.67E-06,4.58E+11,596.0832273,8366.556035,7,2300.892702,6.54E+09
8.718950397,7.67E-06,4.58E+11,596.0832273,8366.556035,7.5,2423.250456,6.94E+09
8.718950397,7.67E-06,4.58E+11,596.0832273,8366.556035,8,2537.982435,7.32E+09
8.718950397,7.67E-06,4.58E+11,596.0832273,8366.556035,8.5,2646.119488,7.68E+09
8.718950397,7.67E-06,4.58E+11,596.0832273,8366.556035,9,2748.446034,8.03E+09
8.718950397,7.67E-06,4.58E+11,596.0832273,8366.556035,9.5,2845.653142,8.36E+09
8.718950397,7.67E-06,4.58E+11,596.0832273,8366.556035,10,2938.495454,8.68E+09
6.329426593,8.21E-06,5.27E+11,633.7949568,8196.112041,0,293.1500003,1.21700981
6.329426593,8.21E-06,5.27E+11,633.7949568,8196.112041,0.5,340.3657834,2.06E+08
6.329426593,8.21E-06,5.27E+11,633.7949568,8196.112041,1,428.8786867,5.90E+08
6.329426593,8.21E-06,5.27E+11,633.7949568,8196.112041,1.5,544.9859309,1.08E+09
6.329426593,8.21E-06,5.27E+11,633.7949568,8196.112041,2,684.2759614,1.66E+09
6.329426593,8.21E-06,5.27E+11,633.7949568,8196.112041,2.5,843.5844997,2.31E+09
6.329426593,8.21E-06,5.27E+11,633.7949568,8196.112041,3,1021.005504,3.03E+09
6.329426593,8.21E-06,5.27E+11,633.7949568,8196.112041,3.5,1215.321936,3.81E+09
6.329426593,8.21E-06,5.27E+11,633.7949568,8196.112041,4,1425.553808,4.65E+09
6.329426593,8.21E-06,5.27E+11,633.7949568,8196.112041,4.5,1650.76854,5.55E+09
6.329426593,8.21E-06,5.27E+11,633.7949568,8196.112041,5,1883.271754,6.47E+09
6.329426593,8.21E-06,5.27E+11,633.7949568,8196.112041,5.5,2084.331401,7.26E+09
6.329426593,8.21E-06,5.27E+11,633.7949568,8196.112041,6,2262.782389,7.95E+09
6.329426593,8.21E-06,5.27E+11,633.7949568,8196.112041,6.5,2425.256298,8.58E+09
6.329426593,8.21E-06,5.27E+11,633.7949568,8196.112041,7,2576.062787,9.17E+09
6.329426593,8.21E-06,5.27E+11,633.7949568,8196.112041,7.5,2717.530201,9.72E+09
6.329426593,8.21E-06,5.27E+11,633.7949568,8196.112041,8,2851.163712,1.02E+10
6.329426593,8.21E-06,5.27E+11,633.7949568,8196.112041,8.5,2978.026269,1.08E+10
6.329426593,8.21E-06,5.27E+11,633.7949568,8196.112041,9,3099.160873,1.12E+10
6.329426593,8.21E-06,5.27E+11,633.7949568,8196.112041,9.5,3215.021035,1.17E+10
6.329426593,8.21E-06,5.27E+11,633.7949568,8196.112041,10,3326.076223,1.22E+10
14.45624305,6.90E-06,4.21E+11,506.4672783,6514.022888,0,293.1500005,1.286006286
14.45624305,6.90E-06,4.21E+11,506.4672783,6514.022888,0.5,333.3948585,1.15E+08
14.45624305,6.90E-06,4.21E+11,506.4672783,6514.022888,1,409.5559711,3.22E+08
14.45624305,6.90E-06,4.21E+11,506.4672783,6514.022888,1.5,510.9707571,5.94E+08
14.45624305,6.90E-06,4.21E+11,506.4672783,6514.022888,2,632.7098055,9.18E+08
14.45624305,6.90E-06,4.21E+11,506.4672783,6514.022888,2.5,771.8228829,1.29E+09
14.45624305,6.90E-06,4.21E+11,506.4672783,6514.022888,3,925.5032333,1.70E+09
14.45624305,6.90E-06,4.21E+11,506.4672783,6514.022888,3.5,1092.549081,2.15E+09
14.45624305,6.90E-06,4.21E+11,506.4672783,6514.022888,4,1271.88174,2.63E+09
14.45624305,6.90E-06,4.21E+11,506.4672783,6514.022888,4.5,1461.90761,3.15E+09
14.45624305,6.90E-06,4.21E+11,506.4672783,6514.022888,5,1659.0283,3.69E+09
14.45624305,6.90E-06,4.21E+11,506.4672783,6514.022888,5.5,1827.584092,4.16E+09
14.45624305,6.90E-06,4.21E+11,506.4672783,6514.022888,6,1970.430741,4.56E+09
14.45624305,6.90E-06,4.21E+11,506.4672783,6514.022888,6.5,2096.394936,4.92E+09
14.45624305,6.90E-06,4.21E+11,506.4672783,6514.022888,7,2209.421782,5.25E+09
14.45624305,6.90E-06,4.21E+11,506.4672783,6514.022888,7.5,2312.236485,5.55E+09
14.45624305,6.90E-06,4.21E+11,506.4672783,6514.022888,8,2407.180368,5.83E+09
14.45624305,6.90E-06,4.21E+11,506.4672783,6514.022888,8.5,2495.041845,6.09E+09
14.45624305,6.90E-06,4.21E+11,506.4672783,6514.022888,9,2577.090187,6.34E+09
14.45624305,6.90E-06,4.21E+11,506.4672783,6514.022888,9.5,2653.516958,6.56E+09
14.45624305,6.90E-06,4.21E+11,506.4672783,6514.022888,10,2725.50124,6.78E+09
9.030010337,7.18E-06,4.03E+11,535.3064251,6956.493573,0,293.1500005,1.136854713
9.030010337,7.18E-06,4.03E+11,535.3064251,6956.493573,0.5,340.4357925,1.38E+08
9.030010337,7.18E-06,4.03E+11,535.3064251,6956.493573,1,429.536246,3.87E+08
9.030010337,7.18E-06,4.03E+11,535.3064251,6956.493573,1.5,547.1228395,7.08E+08
9.030010337,7.18E-06,4.03E+11,535.3064251,6956.493573,2,688.7385649,1.09E+09
9.030010337,7.18E-06,4.03E+11,535.3064251,6956.493573,2.5,850.9608873,1.52E+09
9.030010337,7.18E-06,4.03E+11,535.3064251,6956.493573,3,1031.579143,2.00E+09
9.030010337,7.18E-06,4.03E+11,535.3064251,6956.493573,3.5,1229.100946,2.53E+09
9.030010337,7.18E-06,4.03E+11,535.3064251,6956.493573,4,1442.316366,3.09E+09
9.030010337,7.18E-06,4.03E+11,535.3064251,6956.493573,4.5,1670.071248,3.70E+09
9.030010337,7.18E-06,4.03E+11,535.3064251,6956.493573,5,1905.279083,4.33E+09
9.030010337,7.18E-06,4.03E+11,535.3064251,6956.493573,5.5,2111.337628,4.88E+09
9.030010337,7.18E-06,4.03E+11,535.3064251,6956.493573,6,2288.68187,5.36E+09
9.030010337,7.18E-06,4.03E+11,535.3064251,6956.493573,6.5,2448.305795,5.79E+09
9.030010337,7.18E-06,4.03E+11,535.3064251,6956.493573,7,2594.411193,6.20E+09
9.030010337,7.18E-06,4.03E+11,535.3064251,6956.493573,7.5,2729.464028,6.57E+09
9.030010337,7.18E-06,4.03E+11,535.3064251,6956.493573,8,2855.178954,6.93E+09
9.030010337,7.18E-06,4.03E+11,535.3064251,6956.493573,8.5,2973.40851,7.27E+09
9.030010337,7.18E-06,4.03E+11,535.3064251,6956.493573,9,3084.490758,7.58E+09
9.030010337,7.18E-06,4.03E+11,535.3064251,6956.493573,9.5,3189.583255,7.89E+09
9.030010337,7.18E-06,4.03E+11,535.3064251,6956.493573,10,3288.713004,8.17E+09
6.72381812,7.88E-06,5.32E+11,635.5876042,7911.993419,0,293.1500003,1.219129689
6.72381812,7.88E-06,5.32E+11,635.5876042,7911.993419,0.5,339.7084021,1.97E+08
6.72381812,7.88E-06,5.32E+11,635.5876042,7911.993419,1,427.245981,5.64E+08
6.72381812,7.88E-06,5.32E+11,635.5876042,7911.993419,1.5,542.0487377,1.03E+09
6.72381812,7.88E-06,5.32E+11,635.5876042,7911.993419,2,679.8594859,1.58E+09
6.72381812,7.88E-06,5.32E+11,635.5876042,7911.993419,2.5,837.5418714,2.21E+09
6.72381812,7.88E-06,5.32E+11,635.5876042,7911.993419,3,1013.1953,2.89E+09
6.72381812,7.88E-06,5.32E+11,635.5876042,7911.993419,3.5,1205.594914,3.64E+09
6.72381812,7.88E-06,5.32E+11,635.5876042,7911.993419,4,1413.750126,4.45E+09
6.72381812,7.88E-06,5.32E+11,635.5876042,7911.993419,4.5,1636.715918,5.31E+09
6.72381812,7.88E-06,5.32E+11,635.5876042,7911.993419,5,1866.859912,6.19E+09
6.72381812,7.88E-06,5.32E+11,635.5876042,7911.993419,5.5,2065.863679,6.95E+09
6.72381812,7.88E-06,5.32E+11,635.5876042,7911.993419,6,2242.481773,7.61E+09
6.72381812,7.88E-06,5.32E+11,635.5876042,7911.993419,6.5,2403.182261,8.22E+09
6.72381812,7.88E-06,5.32E+11,635.5876042,7911.993419,7,2552.159037,8.78E+09
6.72381812,7.88E-06,5.32E+11,635.5876042,7911.993419,7.5,2691.703696,9.32E+09
6.72381812,7.88E-06,5.32E+11,635.5876042,7911.993419,8,2823.312181,9.83E+09
6.72381812,7.88E-06,5.32E+11,635.5876042,7911.993419,8.5,2948.04705,1.03E+10
6.72381812,7.88E-06,5.32E+11,635.5876042,7911.993419,9,3066.977963,1.08E+10
6.72381812,7.88E-06,5.32E+11,635.5876042,7911.993419,9.5,3180.534977,1.12E+10
6.72381812,7.88E-06,5.32E+11,635.5876042,7911.993419,10,3289.237379,1.17E+10
23.52125001,8.24E-06,4.69E+11,594.3589629,6808.099037,0,293.1500004,1.395585109
23.52125001,8.24E-06,4.69E+11,594.3589629,6808.099037,0.5,321.8634893,1.08E+08
23.52125001,8.24E-06,4.69E+11,594.3589629,6808.099037,1,376.4040526,3.03E+08
23.52125001,8.24E-06,4.69E+11,594.3589629,6808.099037,1.5,448.9616311,5.61E+08
23.52125001,8.24E-06,4.69E+11,594.3589629,6808.099037,2,535.7411451,8.69E+08
23.52125001,8.24E-06,4.69E+11,594.3589629,6808.099037,2.5,634.1572246,1.22E+09
23.52125001,8.24E-06,4.69E+11,594.3589629,6808.099037,3,742.6673108,1.61E+09
23.52125001,8.24E-06,4.69E+11,594.3589629,6808.099037,3.5,860.3571051,2.04E+09
23.52125001,8.24E-06,4.69E+11,594.3589629,6808.099037,4,986.0335858,2.49E+09
23.52125001,8.24E-06,4.69E+11,594.3589629,6808.099037,4.5,1119.020721,2.98E+09
23.52125001,8.24E-06,4.69E+11,594.3589629,6808.099037,5,1250.493475,3.46E+09
23.52125001,8.24E-06,4.69E+11,594.3589629,6808.099037,5.5,1367.493268,3.90E+09
23.52125001,8.24E-06,4.69E+11,594.3589629,6808.099037,6,1465.477874,4.28E+09
23.52125001,8.24E-06,4.69E+11,594.3589629,6808.099037,6.5,1551.100339,4.61E+09
23.52125001,8.24E-06,4.69E+11,594.3589629,6808.099037,7,1627.268204,4.91E+09
23.52125001,8.24E-06,4.69E+11,594.3589629,6808.099037,7.5,1695.995721,5.18E+09
23.52125001,8.24E-06,4.69E+11,594.3589629,6808.099037,8,1758.62819,5.43E+09
23.52125001,8.24E-06,4.69E+11,594.3589629,6808.099037,8.5,1816.276741,5.66E+09
23.52125001,8.24E-06,4.69E+11,594.3589629,6808.099037,9,1869.77527,5.87E+09
23.52125001,8.24E-06,4.69E+11,594.3589629,6808.099037,9.5,1919.910031,6.07E+09
23.52125001,8.24E-06,4.69E+11,594.3589629,6808.099037,10,1967.165719,6.26E+09
24.63957317,6.23E-06,4.54E+11,525.2002456,6006.869674,0,293.1500006,1.310126934
24.63957317,6.23E-06,4.54E+11,525.2002456,6006.869674,0.5,325.2257622,8.71E+07
24.63957317,6.23E-06,4.54E+11,525.2002456,6006.869674,1,386.2815157,2.46E+08
24.63957317,6.23E-06,4.54E+11,525.2002456,6006.869674,1.5,467.1999996,4.56E+08
24.63957317,6.23E-06,4.54E+11,525.2002456,6006.869674,2,563.3936767,7.08E+08
24.63957317,6.23E-06,4.54E+11,525.2002456,6006.869674,2.5,672.1666143,9.96E+08
24.63957317,6.23E-06,4.54E+11,525.2002456,6006.869674,3,791.1315347,1.31E+09
24.63957317,6.23E-06,4.54E+11,525.2002456,6006.869674,3.5,919.3370697,1.66E+09
24.63957317,6.23E-06,4.54E+11,525.2002456,6006.869674,4,1055.945132,2.02E+09
24.63957317,6.23E-06,4.54E+11,525.2002456,6006.869674,4.5,1199.771941,2.41E+09
24.63957317,6.23E-06,4.54E+11,525.2002456,6006.869674,5,1348.009609,2.82E+09
24.63957317,6.23E-06,4.54E+11,525.2002456,6006.869674,5.5,1472.328933,3.16E+09
24.63957317,6.23E-06,4.54E+11,525.2002456,6006.869674,6,1574.803344,3.46E+09
24.63957317,6.23E-06,4.54E+11,525.2002456,6006.869674,6.5,1662.968399,3.71E+09
24.63957317,6.23E-06,4.54E+11,525.2002456,6006.869674,7,1740.609163,3.94E+09
24.63957317,6.23E-06,4.54E+11,525.2002456,6006.869674,7.5,1810.24142,4.14E+09
24.63957317,6.23E-06,4.54E+11,525.2002456,6006.869674,8,1874.156014,4.33E+09
24.63957317,6.23E-06,4.54E+11,525.2002456,6006.869674,8.5,1932.904225,4.50E+09
24.63957317,6.23E-06,4.54E+11,525.2002456,6006.869674,9,1987.460041,4.66E+09
24.63957317,6.23E-06,4.54E+11,525.2002456,6006.869674,9.5,2038.34358,4.81E+09
24.63957317,6.23E-06,4.54E+11,525.2002456,6006.869674,10,2086.210467,4.95E+09
11.9294601,6.94E-06,4.81E+11,610.8210118,6580.331076,0,293.1500004,1.214791211
11.9294601,6.94E-06,4.81E+11,610.8210118,6580.331076,0.5,332.9170245,1.33E+08
11.9294601,6.94E-06,4.81E+11,610.8210118,6580.331076,1,407.7576803,3.72E+08
11.9294601,6.94E-06,4.81E+11,610.8210118,6580.331076,1.5,507.2391897,6.82E+08
11.9294601,6.94E-06,4.81E+11,610.8210118,6580.331076,2,626.8583117,1.05E+09
11.9294601,6.94E-06,4.81E+11,610.8210118,6580.331076,2.5,764.0319562,1.47E+09
11.9294601,6.94E-06,4.81E+11,610.8210118,6580.331076,3,916.2881015,1.94E+09
11.9294601,6.94E-06,4.81E+11,610.8210118,6580.331076,3.5,1082.530362,2.45E+09
11.9294601,6.94E-06,4.81E+11,610.8210118,6580.331076,4,1261.759108,3.00E+09
11.9294601,6.94E-06,4.81E+11,610.8210118,6580.331076,4.5,1452.461479,3.59E+09
11.9294601,6.94E-06,4.81E+11,610.8210118,6580.331076,5,1651.112106,4.20E+09
11.9294601,6.94E-06,4.81E+11,610.8210118,6580.331076,5.5,1822.392282,4.74E+09
11.9294601,6.94E-06,4.81E+11,610.8210118,6580.331076,6,1969.58452,5.20E+09
11.9294601,6.94E-06,4.81E+11,610.8210118,6580.331076,6.5,2101.305742,5.62E+09
11.9294601,6.94E-06,4.81E+11,610.8210118,6580.331076,7,2221.10666,6.01E+09
11.9294601,6.94E-06,4.81E+11,610.8210118,6580.331076,7.5,2331.20321,6.38E+09
11.9294601,6.94E-06,4.81E+11,610.8210118,6580.331076,8,2433.524016,6.71E+09
11.9294601,6.94E-06,4.81E+11,610.8210118,6580.331076,8.5,2528.992859,7.03E+09
11.9294601,6.94E-06,4.81E+11,610.8210118,6580.331076,9,2618.660771,7.33E+09
11.9294601,6.94E-06,4.81E+11,610.8210118,6580.331076,9.5,2702.555362,7.62E+09
11.9294601,6.94E-06,4.81E+11,610.8210118,6580.331076,10,2782.175911,7.89E+09
14.80962047,7.54E-06,4.07E+11,581.3094377,6551.483499,0,293.1500005,1.177338364
14.80962047,7.54E-06,4.07E+11,581.3094377,6551.483499,0.5,330.0425638,1.12E+08
14.80962047,7.54E-06,4.07E+11,581.3094377,6551.483499,1,399.7466656,3.14E+08
14.80962047,7.54E-06,4.07E+11,581.3094377,6551.483499,1.5,492.5403975,5.77E+08
14.80962047,7.54E-06,4.07E+11,581.3094377,6551.483499,2,604.0310818,8.91E+08
14.80962047,7.54E-06,4.07E+11,581.3094377,6551.483499,2.5,731.6145903,1.25E+09
14.80962047,7.54E-06,4.07E+11,581.3094377,6551.483499,3,872.7960767,1.65E+09
14.80962047,7.54E-06,4.07E+11,581.3094377,6551.483499,3.5,1026.492803,2.08E+09
14.80962047,7.54E-06,4.07E+11,581.3094377,6551.483499,4,1191.728262,2.55E+09
14.80962047,7.54E-06,4.07E+11,581.3094377,6551.483499,4.5,1367.051648,3.05E+09
14.80962047,7.54E-06,4.07E+11,581.3094377,6551.483499,5,1549.166106,3.58E+09
14.80962047,7.54E-06,4.07E+11,581.3094377,6551.483499,5.5,1705.306515,4.03E+09
14.80962047,7.54E-06,4.07E+11,581.3094377,6551.483499,6,1838.304887,4.43E+09
14.80962047,7.54E-06,4.07E+11,581.3094377,6551.483499,6.5,1956.163277,4.78E+09
14.80962047,7.54E-06,4.07E+11,581.3094377,6551.483499,7,2062.371303,5.11E+09
14.80962047,7.54E-06,4.07E+11,581.3094377,6551.483499,7.5,2159.196397,5.40E+09
14.80962047,7.54E-06,4.07E+11,581.3094377,6551.483499,8,2248.752952,5.68E+09
14.80962047,7.54E-06,4.07E+11,581.3094377,6551.483499,8.5,2331.896422,5.94E+09
14.80962047,7.54E-06,4.07E+11,581.3094377,6551.483499,9,2409.750402,6.18E+09
14.80962047,7.54E-06,4.07E+11,581.3094377,6551.483499,9.5,2482.287876,6.41E+09
14.80962047,7.54E-06,4.07E+11,581.3094377,6551.483499,10,2550.796399,6.63E+09
5.323761647,6.86E-06,4.04E+11,582.8006001,7401.785946,0,293.1500004,0.939756833
5.323761647,6.86E-06,4.04E+11,582.8006001,7401.785946,0.5,349.6486794,1.58E+08
5.323761647,6.86E-06,4.04E+11,582.8006001,7401.785946,1,455.8310258,4.54E+08
5.323761647,6.86E-06,4.04E+11,582.8006001,7401.785946,1.5,594.8030367,8.30E+08
5.323761647,6.86E-06,4.04E+11,582.8006001,7401.785946,2,761.3778122,1.27E+09
5.323761647,6.86E-06,4.04E+11,582.8006001,7401.785946,2.5,952.2814936,1.77E+09
5.323761647,6.86E-06,4.04E+11,582.8006001,7401.785946,3,1164.635161,2.33E+09
5.323761647,6.86E-06,4.04E+11,582.8006001,7401.785946,3.5,1397.235277,2.92E+09
5.323761647,6.86E-06,4.04E+11,582.8006001,7401.785946,4,1648.986383,3.57E+09
5.323761647,6.86E-06,4.04E+11,582.8006001,7401.785946,4.5,1918.112682,4.26E+09
5.323761647,6.86E-06,4.04E+11,582.8006001,7401.785946,5,2199.935168,4.97E+09
5.323761647,6.86E-06,4.04E+11,582.8006001,7401.785946,5.5,2444.632516,5.59E+09
5.323761647,6.86E-06,4.04E+11,582.8006001,7401.785946,6,2657.217946,6.12E+09
5.323761647,6.86E-06,4.04E+11,582.8006001,7401.785946,6.5,2851.000206,6.60E+09
5.323761647,6.86E-06,4.04E+11,582.8006001,7401.785946,7,3030.946106,7.05E+09
5.323761647,6.86E-06,4.04E+11,582.8006001,7401.785946,7.5,3199.79716,7.47E+09
5.323761647,6.86E-06,4.04E+11,582.8006001,7401.785946,8,3359.60957,7.88E+09
5.323761647,6.86E-06,4.04E+11,582.8006001,7401.785946,8.5,3511.611477,8.27E+09
5.323761647,6.86E-06,4.04E+11,582.8006001,7401.785946,9,3656.517261,8.64E+09
5.323761647,6.86E-06,4.04E+11,582.8006001,7401.785946,9.5,3794.528064,9.00E+09
5.323761647,6.86E-06,4.04E+11,582.8006001,7401.785946,10,3927.019087,9.35E+09
10.81240713,9.11E-06,4.61E+11,616.4849914,6742.12264,0,293.1500004,1.479055837
10.81240713,9.11E-06,4.61E+11,616.4849914,6742.12264,0.5,334.1117667,1.73E+08
10.81240713,9.11E-06,4.61E+11,616.4849914,6742.12264,1,411.0719996,4.85E+08
10.81240713,9.11E-06,4.61E+11,616.4849914,6742.12264,1.5,513.2608916,8.88E+08
10.81240713,9.11E-06,4.61E+11,616.4849914,6742.12264,2,636.1173835,1.37E+09
10.81240713,9.11E-06,4.61E+11,616.4849914,6742.12264,2.5,777.0720328,1.91E+09
10.81240713,9.11E-06,4.61E+11,616.4849914,6742.12264,3,933.6881906,2.52E+09
10.81240713,9.11E-06,4.61E+11,616.4849914,6742.12264,3.5,1104.88085,3.18E+09
10.81240713,9.11E-06,4.61E+11,616.4849914,6742.12264,4,1289.656222,3.89E+09
10.81240713,9.11E-06,4.61E+11,616.4849914,6742.12264,4.5,1486.49305,4.65E+09
10.81240713,9.11E-06,4.61E+11,616.4849914,6742.12264,5,1691.78548,5.45E+09
10.81240713,9.11E-06,4.61E+11,616.4849914,6742.12264,5.5,1869.160125,6.14E+09
10.81240713,9.11E-06,4.61E+11,616.4849914,6742.12264,6,2022.113196,6.74E+09
10.81240713,9.11E-06,4.61E+11,616.4849914,6742.12264,6.5,2159.560192,7.29E+09
10.81240713,9.11E-06,4.61E+11,616.4849914,6742.12264,7,2285.089746,7.80E+09
10.81240713,9.11E-06,4.61E+11,616.4849914,6742.12264,7.5,2400.894819,8.27E+09
10.81240713,9.11E-06,4.61E+11,616.4849914,6742.12264,8,2508.832817,8.72E+09
10.81240713,9.11E-06,4.61E+11,616.4849914,6742.12264,8.5,2609.862463,9.14E+09
10.81240713,9.11E-06,4.61E+11,616.4849914,6742.12264,9,2704.935052,9.54E+09
10.81240713,9.11E-06,4.61E+11,616.4849914,6742.12264,9.5,2794.113843,9.91E+09
10.81240713,9.11E-06,4.61E+11,616.4849914,6742.12264,10,2878.78644,1.03E+10
22.00203847,9.34E-06,5.09E+11,556.8530663,6540.683669,0,293.1500005,1.909540877
22.00203847,9.34E-06,5.09E+11,556.8530663,6540.683669,0.5,324.4791499,1.45E+08
22.00203847,9.34E-06,5.09E+11,556.8530663,6540.683669,1,384.0118249,4.07E+08
22.00203847,9.34E-06,5.09E+11,556.8530663,6540.683669,1.5,463.1854647,7.53E+08
22.00203847,9.34E-06,5.09E+11,556.8530663,6540.683669,2,557.8146916,1.17E+09
22.00203847,9.34E-06,5.09E+11,556.8530663,6540.683669,2.5,665.3873822,1.64E+09
22.00203847,9.34E-06,5.09E+11,556.8530663,6540.683669,3,783.5958921,2.17E+09
22.00203847,9.34E-06,5.09E+11,556.8530663,6540.683669,3.5,911.4912809,2.74E+09
22.00203847,9.34E-06,5.09E+11,556.8530663,6540.683669,4,1048.23142,3.35E+09
22.00203847,9.34E-06,5.09E+11,556.8530663,6540.683669,4.5,1192.581001,4.00E+09
22.00203847,9.34E-06,5.09E+11,556.8530663,6540.683669,5,1341.757247,4.68E+09
22.00203847,9.34E-06,5.09E+11,556.8530663,6540.683669,5.5,1468.01014,5.26E+09
22.00203847,9.34E-06,5.09E+11,556.8530663,6540.683669,6,1573.572651,5.76E+09
22.00203847,9.34E-06,5.09E+11,556.8530663,6540.683669,6.5,1665.44095,6.20E+09
22.00203847,9.34E-06,5.09E+11,556.8530663,6540.683669,7,1746.998953,6.60E+09
22.00203847,9.34E-06,5.09E+11,556.8530663,6540.683669,7.5,1820.514605,6.96E+09
22.00203847,9.34E-06,5.09E+11,556.8530663,6540.683669,8,1888.040922,7.29E+09
22.00203847,9.34E-06,5.09E+11,556.8530663,6540.683669,8.5,1950.263184,7.59E+09
22.00203847,9.34E-06,5.09E+11,556.8530663,6540.683669,9,2008.208071,7.88E+09
22.00203847,9.34E-06,5.09E+11,556.8530663,6540.683669,9.5,2062.005424,8.14E+09
22.00203847,9.34E-06,5.09E+11,556.8530663,6540.683669,10,2112.61985,8.39E+09
24.42140516,7.06E-06,4.67E+11,542.672974,6295.09512,0,293.1500005,1.410666101
24.42140516,7.06E-06,4.67E+11,542.672974,6295.09512,0.5,324.019951,9.81E+07
24.42140516,7.06E-06,4.67E+11,542.672974,6295.09512,1,382.7584413,2.77E+08
24.42140516,7.06E-06,4.67E+11,542.672974,6295.09512,1.5,460.7198678,5.13E+08
24.42140516,7.06E-06,4.67E+11,542.672974,6295.09512,2,553.5872982,7.96E+08
24.42140516,7.06E-06,4.67E+11,542.672974,6295.09512,2.5,658.8001471,1.12E+09
24.42140516,7.06E-06,4.67E+11,542.672974,6295.09512,3,774.0613952,1.47E+09
24.42140516,7.06E-06,4.67E+11,542.672974,6295.09512,3.5,898.4459889,1.86E+09
24.42140516,7.06E-06,4.67E+11,542.672974,6295.09512,4,1031.137059,2.28E+09
24.42140516,7.06E-06,4.67E+11,542.672974,6295.09512,4.5,1170.935538,2.72E+09
24.42140516,7.06E-06,4.67E+11,542.672974,6295.09512,5,1315.190242,3.17E+09
24.42140516,7.06E-06,4.67E+11,542.672974,6295.09512,5.5,1436.566987,3.57E+09
24.42140516,7.06E-06,4.67E+11,542.672974,6295.09512,6,1537.122576,3.90E+09
24.42140516,7.06E-06,4.67E+11,542.672974,6295.09512,6.5,1623.981481,4.19E+09
24.42140516,7.06E-06,4.67E+11,542.672974,6295.09512,7,1700.674143,4.45E+09
24.42140516,7.06E-06,4.67E+11,542.672974,6295.09512,7.5,1769.560444,4.68E+09
24.42140516,7.06E-06,4.67E+11,542.672974,6295.09512,8,1832.773434,4.90E+09
24.42140516,7.06E-06,4.67E+11,542.672974,6295.09512,8.5,1890.92239,5.10E+09
24.42140516,7.06E-06,4.67E+11,542.672974,6295.09512,9,1944.984163,5.28E+09
24.42140516,7.06E-06,4.67E+11,542.672974,6295.09512,9.5,1995.215565,5.45E+09
24.42140516,7.06E-06,4.67E+11,542.672974,6295.09512,10,2042.468676,5.62E+09
6.439818085,6.59E-06,4.18E+11,513.9581078,7702.067891,0,293.1500004,1.017228626
6.439818085,6.59E-06,4.18E+11,513.9581078,7702.067891,0.5,347.0168676,1.50E+08
6.439818085,6.59E-06,4.18E+11,513.9581078,7702.067891,1,448.464438,4.27E+08
6.439818085,6.59E-06,4.18E+11,513.9581078,7702.067891,1.5,581.5089646,7.79E+08
6.439818085,6.59E-06,4.18E+11,513.9581078,7702.067891,2,741.2660166,1.19E+09
6.439818085,6.59E-06,4.18E+11,513.9581078,7702.067891,2.5,924.5680931,1.67E+09
6.439818085,6.59E-06,4.18E+11,513.9581078,7702.067891,3,1128.559169,2.19E+09
6.439818085,6.59E-06,4.18E+11,513.9581078,7702.067891,3.5,1352.007633,2.75E+09
6.439818085,6.59E-06,4.18E+11,513.9581078,7702.067891,4,1593.783719,3.36E+09
6.439818085,6.59E-06,4.18E+11,513.9581078,7702.067891,4.5,1852.087721,4.02E+09
6.439818085,6.59E-06,4.18E+11,513.9581078,7702.067891,5,2122.347007,4.70E+09
6.439818085,6.59E-06,4.18E+11,513.9581078,7702.067891,5.5,2356.920378,5.29E+09
6.439818085,6.59E-06,4.18E+11,513.9581078,7702.067891,6,2560.567854,5.79E+09
6.439818085,6.59E-06,4.18E+11,513.9581078,7702.067891,6.5,2745.566606,6.26E+09
6.439818085,6.59E-06,4.18E+11,513.9581078,7702.067891,7,2916.563361,6.69E+09
6.439818085,6.59E-06,4.18E+11,513.9581078,7702.067891,7.5,3076.209898,7.10E+09
6.439818085,6.59E-06,4.18E+11,513.9581078,7702.067891,8,3226.582582,7.49E+09
6.439818085,6.59E-06,4.18E+11,513.9581078,7702.067891,8.5,3368.79663,7.86E+09
6.439818085,6.59E-06,4.18E+11,513.9581078,7702.067891,9,3503.762165,8.22E+09
6.439818085,6.59E-06,4.18E+11,513.9581078,7702.067891,9.5,3631.587723,8.56E+09
6.439818085,6.59E-06,4.18E+11,513.9581078,7702.067891,10,3753.787881,8.88E+09
11.74729835,7.92E-06,5.20E+11,685.6717264,7164.915095,0,293.1500004,1.227297698
11.74729835,7.92E-06,5.20E+11,685.6717264,7164.915095,0.5,329.2309254,1.50E+08
11.74729835,7.92E-06,5.20E+11,685.6717264,7164.915095,1,396.962707,4.20E+08
11.74729835,7.92E-06,5.20E+11,685.6717264,7164.915095,1.5,486.8287817,7.70E+08
11.74729835,7.92E-06,5.20E+11,685.6717264,7164.915095,2,594.8448607,1.18E+09
11.74729835,7.92E-06,5.20E+11,685.6717264,7164.915095,2.5,718.4851275,1.65E+09
11.74729835,7.92E-06,5.20E+11,685.6717264,7164.915095,3,856.2200348,2.17E+09
11.74729835,7.92E-06,5.20E+11,685.6717264,7164.915095,3.5,1007.092002,2.74E+09
11.74729835,7.92E-06,5.20E+11,685.6717264,7164.915095,4,1169.806637,3.36E+09
11.74729835,7.92E-06,5.20E+11,685.6717264,7164.915095,4.5,1343.572918,4.02E+09
11.74729835,7.92E-06,5.20E+11,685.6717264,7164.915095,5,1517.404705,4.68E+09
11.74729835,7.92E-06,5.20E+11,685.6717264,7164.915095,5.5,1675.145782,5.28E+09
11.74729835,7.92E-06,5.20E+11,685.6717264,7164.915095,6,1810.960353,5.80E+09
11.74729835,7.92E-06,5.20E+11,685.6717264,7164.915095,6.5,1933.415691,6.28E+09
11.74729835,7.92E-06,5.20E+11,685.6717264,7164.915095,7,2045.702221,6.72E+09
11.74729835,7.92E-06,5.20E+11,685.6717264,7164.915095,7.5,2149.408314,7.13E+09
11.74729835,7.92E-06,5.20E+11,685.6717264,7164.915095,8,2245.911507,7.52E+09
11.74729835,7.92E-06,5.20E+11,685.6717264,7164.915095,8.5,2336.224621,7.88E+09
11.74729835,7.92E-06,5.20E+11,685.6717264,7164.915095,9,2421.138861,8.23E+09
11.74729835,7.92E-06,5.20E+11,685.6717264,7164.915095,9.5,2501.369376,8.56E+09
11.74729835,7.92E-06,5.20E+11,685.6717264,7164.915095,10,2577.654842,8.87E+09
12.15972424,7.74E-06,5.04E+11,550.8601586,6757.864479,0,293.1500005,1.531354031
12.15972424,7.74E-06,5.04E+11,550.8601586,6757.864479,0.5,334.1656154,1.59E+08
12.15972424,7.74E-06,5.04E+11,550.8601586,6757.864479,1,411.4578748,4.46E+08
12.15972424,7.74E-06,5.04E+11,550.8601586,6757.864479,1.5,514.2663455,8.19E+08
12.15972424,7.74E-06,5.04E+11,550.8601586,6757.864479,2,637.8744368,1.26E+09
12.15972424,7.74E-06,5.04E+11,550.8601586,6757.864479,2.5,779.54167,1.77E+09
12.15972424,7.74E-06,5.04E+11,550.8601586,6757.864479,3,936.6370394,2.33E+09
12.15972424,7.74E-06,5.04E+11,550.8601586,6757.864479,3.5,1108.000504,2.95E+09
12.15972424,7.74E-06,5.04E+11,550.8601586,6757.864479,4,1292.578351,3.61E+09
12.15972424,7.74E-06,5.04E+11,550.8601586,6757.864479,4.5,1488.787619,4.32E+09
12.15972424,7.74E-06,5.04E+11,550.8601586,6757.864479,5,1692.978274,5.06E+09
12.15972424,7.74E-06,5.04E+11,550.8601586,6757.864479,5.5,1868.751682,5.70E+09
12.15972424,7.74E-06,5.04E+11,550.8601586,6757.864479,6,2019.347988,6.26E+09
12.15972424,7.74E-06,5.04E+11,550.8601586,6757.864479,6.5,2153.6669,6.77E+09
12.15972424,7.74E-06,5.04E+11,550.8601586,6757.864479,7,2275.440733,7.24E+09
12.15972424,7.74E-06,5.04E+11,550.8601586,6757.864479,7.5,2387.032199,7.67E+09
12.15972424,7.74E-06,5.04E+11,550.8601586,6757.864479,8,2490.552678,8.07E+09
12.15972424,7.74E-06,5.04E+11,550.8601586,6757.864479,8.5,2586.883457,8.45E+09
12.15972424,7.74E-06,5.04E+11,550.8601586,6757.864479,9,2677.306626,8.80E+09
12.15972424,7.74E-06,5.04E+11,550.8601586,6757.864479,9.5,2761.896013,9.14E+09
12.15972424,7.74E-06,5.04E+11,550.8601586,6757.864479,10,2841.935384,9.46E+09
17.15982645,7.40E-06,4.24E+11,657.365863,6832.250794,0,293.1500004,1.021613362
17.15982645,7.40E-06,4.24E+11,657.365863,6832.250794,0.5,324.6967683,9.81E+07
17.15982645,7.40E-06,4.24E+11,657.365863,6832.250794,1,384.2853581,2.75E+08
17.15982645,7.40E-06,4.24E+11,657.365863,6832.250794,1.5,463.6079177,5.05E+08
17.15982645,7.40E-06,4.24E+11,657.365863,6832.250794,2,558.9228732,7.79E+08
17.15982645,7.40E-06,4.24E+11,657.365863,6832.250794,2.5,667.7060213,1.09E+09
17.15982645,7.40E-06,4.24E+11,657.365863,6832.250794,3,788.4049386,1.44E+09
17.15982645,7.40E-06,4.24E+11,657.365863,6832.250794,3.5,920.0602091,1.82E+09
17.15982645,7.40E-06,4.24E+11,657.365863,6832.250794,4,1061.400516,2.23E+09
17.15982645,7.40E-06,4.24E+11,657.365863,6832.250794,4.5,1211.676902,2.67E+09
17.15982645,7.40E-06,4.24E+11,657.365863,6832.250794,5,1361.20312,3.11E+09
17.15982645,7.40E-06,4.24E+11,657.365863,6832.250794,5.5,1495.756096,3.51E+09
17.15982645,7.40E-06,4.24E+11,657.365863,6832.250794,6,1610.188682,3.86E+09
17.15982645,7.40E-06,4.24E+11,657.365863,6832.250794,6.5,1711.84851,4.17E+09
17.15982645,7.40E-06,4.24E+11,657.365863,6832.250794,7,1803.650927,4.46E+09
17.15982645,7.40E-06,4.24E+11,657.365863,6832.250794,7.5,1887.341344,4.72E+09
17.15982645,7.40E-06,4.24E+11,657.365863,6832.250794,8,1964.308314,4.96E+09
17.15982645,7.40E-06,4.24E+11,657.365863,6832.250794,8.5,2035.705335,5.19E+09
17.15982645,7.40E-06,4.24E+11,657.365863,6832.250794,9,2102.290674,5.40E+09
17.15982645,7.40E-06,4.24E+11,657.365863,6832.250794,9.5,2164.836227,5.60E+09
17.15982645,7.40E-06,4.24E+11,657.365863,6832.250794,10,2223.985874,5.79E+09
14.63709134,6.96E-06,4.32E+11,666.8200692,7057.965317,0,293.1500004,0.93422845
14.63709134,6.96E-06,4.32E+11,666.8200692,7057.965317,0.5,326.3586103,9.97E+07
14.63709134,6.96E-06,4.32E+11,666.8200692,7057.965317,1,388.9022262,2.79E+08
14.63709134,6.96E-06,4.32E+11,666.8200692,7057.965317,1.5,472.0655299,5.12E+08
14.63709134,6.96E-06,4.32E+11,666.8200692,7057.965317,2,572.0608242,7.89E+08
14.63709134,6.96E-06,4.32E+11,666.8200692,7057.965317,2.5,686.3944595,1.10E+09
14.63709134,6.96E-06,4.32E+11,666.8200692,7057.965317,3,813.5326876,1.46E+09
14.63709134,6.96E-06,4.32E+11,666.8200692,7057.965317,3.5,952.5161476,1.84E+09
14.63709134,6.96E-06,4.32E+11,666.8200692,7057.965317,4,1102.061604,2.25E+09
14.63709134,6.96E-06,4.32E+11,666.8200692,7057.965317,4.5,1261.398914,2.70E+09
14.63709134,6.96E-06,4.32E+11,666.8200692,7057.965317,5,1420.360785,3.14E+09
14.63709134,6.96E-06,4.32E+11,666.8200692,7057.965317,5.5,1564.011305,3.55E+09
14.63709134,6.96E-06,4.32E+11,666.8200692,7057.965317,6,1686.941612,3.90E+09
14.63709134,6.96E-06,4.32E+11,666.8200692,7057.965317,6.5,1796.935401,4.22E+09
14.63709134,6.96E-06,4.32E+11,666.8200692,7057.965317,7,1896.975853,4.51E+09
14.63709134,6.96E-06,4.32E+11,666.8200692,7057.965317,7.5,1988.706165,4.78E+09
14.63709134,6.96E-06,4.32E+11,666.8200692,7057.965317,8,2073.481885,5.04E+09
14.63709134,6.96E-06,4.32E+11,666.8200692,7057.965317,8.5,2152.349143,5.27E+09
14.63709134,6.96E-06,4.32E+11,666.8200692,7057.965317,9,2226.128508,5.50E+09
14.63709134,6.96E-06,4.32E+11,666.8200692,7057.965317,9.5,2295.634531,5.71E+09
14.63709134,6.96E-06,4.32E+11,666.8200692,7057.965317,10,2361.571953,5.91E+09
13.90218518,6.32E-06,4.78E+11,687.540029,8149.324309,0,293.1500003,0.788223917
13.90218518,6.32E-06,4.78E+11,687.540029,8149.324309,0.5,324.2290343,9.43E+07
13.90218518,6.32E-06,4.78E+11,687.540029,8149.324309,1,382.597814,2.65E+08
13.90218518,6.32E-06,4.78E+11,687.540029,8149.324309,1.5,460.0672249,4.85E+08
13.90218518,6.32E-06,4.78E+11,687.540029,8149.324309,2,553.1934359,7.46E+08
13.90218518,6.32E-06,4.78E+11,687.540029,8149.324309,2.5,659.7817792,1.04E+09
13.90218518,6.32E-06,4.78E+11,687.540029,8149.324309,3,778.4991391,1.37E+09
13.90218518,6.32E-06,4.78E+11,687.540029,8149.324309,3.5,908.5101028,1.73E+09
13.90218518,6.32E-06,4.78E+11,687.540029,8149.324309,4,1048.686798,2.12E+09
13.90218518,6.32E-06,4.78E+11,687.540029,8149.324309,4.5,1198.341303,2.54E+09
13.90218518,6.32E-06,4.78E+11,687.540029,8149.324309,5,1348.001799,2.95E+09
13.90218518,6.32E-06,4.78E+11,687.540029,8149.324309,5.5,1483.741489,3.33E+09
13.90218518,6.32E-06,4.78E+11,687.540029,8149.324309,6,1600.47729,3.66E+09
13.90218518,6.32E-06,4.78E+11,687.540029,8149.324309,6.5,1705.706063,3.96E+09
13.90218518,6.32E-06,4.78E+11,687.540029,8149.324309,7,1802.068221,4.24E+09
13.90218518,6.32E-06,4.78E+11,687.540029,8149.324309,7.5,1890.96853,4.50E+09
13.90218518,6.32E-06,4.78E+11,687.540029,8149.324309,8,1973.618798,4.74E+09
13.90218518,6.32E-06,4.78E+11,687.540029,8149.324309,8.5,2050.903577,4.97E+09
13.90218518,6.32E-06,4.78E+11,687.540029,8149.324309,9,2123.515641,5.19E+09
13.90218518,6.32E-06,4.78E+11,687.540029,8149.324309,9.5,2192.056791,5.40E+09
13.90218518,6.32E-06,4.78E+11,687.540029,8149.324309,10,2257.223621,5.60E+09
19.2693078,7.80E-06,4.52E+11,664.1047318,6900.656548,0,293.1500004,1.12537403
19.2693078,7.80E-06,4.52E+11,664.1047318,6900.656548,0.5,322.6919953,1.03E+08
19.2693078,7.80E-06,4.52E+11,664.1047318,6900.656548,1,378.5712106,2.88E+08
19.2693078,7.80E-06,4.52E+11,664.1047318,6900.656548,1.5,452.9749823,5.30E+08
19.2693078,7.80E-06,4.52E+11,664.1047318,6900.656548,2,542.321289,8.19E+08
19.2693078,7.80E-06,4.52E+11,664.1047318,6900.656548,2.5,644.1751032,1.15E+09
19.2693078,7.80E-06,4.52E+11,664.1047318,6900.656548,3,757.0445227,1.52E+09
19.2693078,7.80E-06,4.52E+11,664.1047318,6900.656548,3.5,880.0149928,1.92E+09
19.2693078,7.80E-06,4.52E+11,664.1047318,6900.656548,4,1011.879638,2.35E+09
19.2693078,7.80E-06,4.52E+11,664.1047318,6900.656548,4.5,1151.933883,2.81E+09
19.2693078,7.80E-06,4.52E+11,664.1047318,6900.656548,5,1291.099545,3.27E+09
19.2693078,7.80E-06,4.52E+11,664.1047318,6900.656548,5.5,1416.047388,3.69E+09
19.2693078,7.80E-06,4.52E+11,664.1047318,6900.656548,6,1521.944885,4.06E+09
19.2693078,7.80E-06,4.52E+11,664.1047318,6900.656548,6.5,1615.693862,4.38E+09
19.2693078,7.80E-06,4.52E+11,664.1047318,6900.656548,7,1700.079269,4.68E+09
19.2693078,7.80E-06,4.52E+11,664.1047318,6900.656548,7.5,1776.827384,4.95E+09
19.2693078,7.80E-06,4.52E+11,664.1047318,6900.656548,8,1847.302813,5.21E+09
19.2693078,7.80E-06,4.52E+11,664.1047318,6900.656548,8.5,1912.493128,5.44E+09
19.2693078,7.80E-06,4.52E+11,664.1047318,6900.656548,9,1973.204987,5.66E+09
19.2693078,7.80E-06,4.52E+11,664.1047318,6900.656548,9.5,2030.172554,5.86E+09
19.2693078,7.80E-06,4.52E+11,664.1047318,6900.656548,10,2084.011953,6.06E+09
12.56340041,8.89E-06,5.18E+11,695.4038629,6114.445176,0,293.1500004,1.584957285
12.56340041,8.89E-06,5.18E+11,695.4038629,6114.445176,0.5,330.8189977,1.74E+08
12.56340041,8.89E-06,5.18E+11,695.4038629,6114.445176,1,401.7138263,4.86E+08
12.56340041,8.89E-06,5.18E+11,695.4038629,6114.445176,1.5,495.9465588,8.92E+08
12.56340041,8.89E-06,5.18E+11,695.4038629,6114.445176,2,609.254218,1.37E+09
12.56340041,8.89E-06,5.18E+11,695.4038629,6114.445176,2.5,738.8503969,1.92E+09
12.56340041,8.89E-06,5.18E+11,695.4038629,6114.445176,3,883.0242807,2.53E+09
12.56340041,8.89E-06,5.18E+11,695.4038629,6114.445176,3.5,1040.70408,3.20E+09
12.56340041,8.89E-06,5.18E+11,695.4038629,6114.445176,4,1210.452881,3.92E+09
12.56340041,8.89E-06,5.18E+11,695.4038629,6114.445176,4.5,1391.40469,4.69E+09
12.56340041,8.89E-06,5.18E+11,695.4038629,6114.445176,5,1572.037294,5.46E+09
12.56340041,8.89E-06,5.18E+11,695.4038629,6114.445176,5.5,1735.422011,6.16E+09
12.56340041,8.89E-06,5.18E+11,695.4038629,6114.445176,6,1875.475193,6.78E+09
12.56340041,8.89E-06,5.18E+11,695.4038629,6114.445176,6.5,2000.95977,7.33E+09
12.56340041,8.89E-06,5.18E+11,695.4038629,6114.445176,7,2115.229228,7.84E+09
12.56340041,8.89E-06,5.18E+11,695.4038629,6114.445176,7.5,2220.205223,8.32E+09
12.56340041,8.89E-06,5.18E+11,695.4038629,6114.445176,8,2317.350269,8.76E+09
12.56340041,8.89E-06,5.18E+11,695.4038629,6114.445176,8.5,2407.826145,9.18E+09
12.56340041,8.89E-06,5.18E+11,695.4038629,6114.445176,9,2492.544106,9.57E+09
12.56340041,8.89E-06,5.18E+11,695.4038629,6114.445176,9.5,2572.368236,9.94E+09
12.56340041,8.89E-06,5.18E+11,695.4038629,6114.445176,10,2648.124179,1.03E+10
5.704994836,7.52E-06,4.43E+11,523.7704787,6314.155486,0,293.1500005,1.474613376
5.704994836,7.52E-06,4.43E+11,523.7704787,6314.155486,0.5,355.8414855,2.11E+08
5.704994836,7.52E-06,4.43E+11,523.7704787,6314.155486,1,473.9256905,6.00E+08
5.704994836,7.52E-06,4.43E+11,523.7704787,6314.155486,1.5,628.8867308,1.10E+09
5.704994836,7.52E-06,4.43E+11,523.7704787,6314.155486,2,815.0268987,1.68E+09
5.704994836,7.52E-06,4.43E+11,523.7704787,6314.155486,2.5,1028.640781,2.34E+09
5.704994836,7.52E-06,4.43E+11,523.7704787,6314.155486,3,1266.364324,3.08E+09
5.704994836,7.52E-06,4.43E+11,523.7704787,6314.155486,3.5,1526.737979,3.87E+09
5.704994836,7.52E-06,4.43E+11,523.7704787,6314.155486,4,1808.421873,4.74E+09
5.704994836,7.52E-06,4.43E+11,523.7704787,6314.155486,4.5,2109.291856,5.66E+09
5.704994836,7.52E-06,4.43E+11,523.7704787,6314.155486,5,2423.999007,6.62E+09
5.704994836,7.52E-06,4.43E+11,523.7704787,6314.155486,5.5,2697.188361,7.45E+09
5.704994836,7.52E-06,4.43E+11,523.7704787,6314.155486,6,2934.157279,8.17E+09
5.704994836,7.52E-06,4.43E+11,523.7704787,6314.155486,6.5,3149.192233,8.83E+09
5.704994836,7.52E-06,4.43E+11,523.7704787,6314.155486,7,3347.706687,9.44E+09
5.704994836,7.52E-06,4.43E+11,523.7704787,6314.155486,7.5,3532.806894,1.00E+10
5.704994836,7.52E-06,4.43E+11,523.7704787,6314.155486,8,3707.004064,1.06E+10
5.704994836,7.52E-06,4.43E+11,523.7704787,6314.155486,8.5,3871.43576,1.11E+10
5.704994836,7.52E-06,4.43E+11,523.7704787,6314.155486,9,4027.404453,1.16E+10
5.704994836,7.52E-06,4.43E+11,523.7704787,6314.155486,9.5,4174.940307,1.21E+10
5.704994836,7.52E-06,4.43E+11,523.7704787,6314.155486,10,4315.761376,1.25E+10
15.74775647,6.25E-06,4.23E+11,508.3926854,8041.33331,0,293.1500004,0.946254928
15.74775647,6.25E-06,4.23E+11,508.3926854,8041.33331,0.5,327.6731576,9.05E+07
15.74775647,6.25E-06,4.23E+11,508.3926854,8041.33331,1,392.8915876,2.53E+08
15.74775647,6.25E-06,4.23E+11,508.3926854,8041.33331,1.5,479.7109639,4.66E+08
15.74775647,6.25E-06,4.23E+11,508.3926854,8041.33331,2,584.0293427,7.19E+08
15.74775647,6.25E-06,4.23E+11,508.3926854,8041.33331,2.5,703.0772997,1.01E+09
15.74775647,6.25E-06,4.23E+11,508.3926854,8041.33331,3,835.1519979,1.33E+09
15.74775647,6.25E-06,4.23E+11,508.3926854,8041.33331,3.5,979.2017382,1.68E+09
15.74775647,6.25E-06,4.23E+11,508.3926854,8041.33331,4,1133.833426,2.06E+09
15.74775647,6.25E-06,4.23E+11,508.3926854,8041.33331,4.5,1298.226991,2.47E+09
15.74775647,6.25E-06,4.23E+11,508.3926854,8041.33331,5,1461.781419,2.87E+09
15.74775647,6.25E-06,4.23E+11,508.3926854,8041.33331,5.5,1608.931037,3.24E+09
15.74775647,6.25E-06,4.23E+11,508.3926854,8041.33331,6,1734.079269,3.56E+09
15.74775647,6.25E-06,4.23E+11,508.3926854,8041.33331,6.5,1845.196981,3.85E+09
15.74775647,6.25E-06,4.23E+11,508.3926854,8041.33331,7,1945.462854,4.11E+09
15.74775647,6.25E-06,4.23E+11,508.3926854,8041.33331,7.5,2036.890275,4.35E+09
15.74775647,6.25E-06,4.23E+11,508.3926854,8041.33331,8,2120.968217,4.58E+09
15.74775647,6.25E-06,4.23E+11,508.3926854,8041.33331,8.5,2198.939133,4.79E+09
15.74775647,6.25E-06,4.23E+11,508.3926854,8041.33331,9,2271.646176,4.98E+09
15.74775647,6.25E-06,4.23E+11,508.3926854,8041.33331,9.5,2339.966554,5.17E+09
15.74775647,6.25E-06,4.23E+11,508.3926854,8041.33331,10,2404.532842,5.34E+09
16.43170609,6.60E-06,5.33E+11,552.656597,6403.596087,0,293.1500005,1.451802258
16.43170609,6.60E-06,5.33E+11,552.656597,6403.596087,0.5,329.6495097,1.26E+08
16.43170609,6.60E-06,5.33E+11,552.656597,6403.596087,1,398.7855777,3.53E+08
16.43170609,6.60E-06,5.33E+11,552.656597,6403.596087,1.5,490.8448361,6.51E+08
16.43170609,6.60E-06,5.33E+11,552.656597,6403.596087,2,601.2898244,1.01E+09
16.43170609,6.60E-06,5.33E+11,552.656597,6403.596087,2.5,727.3964243,1.41E+09
16.43170609,6.60E-06,5.33E+11,552.656597,6403.596087,3,866.5853558,1.87E+09
16.43170609,6.60E-06,5.33E+11,552.656597,6403.596087,3.5,1017.759976,2.36E+09
16.43170609,6.60E-06,5.33E+11,552.656597,6403.596087,4,1179.938159,2.89E+09
16.43170609,6.60E-06,5.33E+11,552.656597,6403.596087,4.5,1351.672061,3.46E+09
16.43170609,6.60E-06,5.33E+11,552.656597,6403.596087,5,1529.698924,4.05E+09
16.43170609,6.60E-06,5.33E+11,552.656597,6403.596087,5.5,1681.640097,4.56E+09
16.43170609,6.60E-06,5.33E+11,552.656597,6403.596087,6,1810.128907,5.00E+09
16.43170609,6.60E-06,5.33E+11,552.656597,6403.596087,6.5,1923.168124,5.40E+09
16.43170609,6.60E-06,5.33E+11,552.656597,6403.596087,7,2024.45313,5.76E+09
16.43170609,6.60E-06,5.33E+11,552.656597,6403.596087,7.5,2116.416788,6.08E+09
16.43170609,6.60E-06,5.33E+11,552.656597,6403.596087,8,2201.210098,6.39E+09
16.43170609,6.60E-06,5.33E+11,552.656597,6403.596087,8.5,2279.616683,6.67E+09
16.43170609,6.60E-06,5.33E+11,552.656597,6403.596087,9,2352.818281,6.93E+09
16.43170609,6.60E-06,5.33E+11,552.656597,6403.596087,9.5,2420.920453,7.18E+09
16.43170609,6.60E-06,5.33E+11,552.656597,6403.596087,10,2485.07979,7.41E+09
14.10203563,6.66E-06,4.22E+11,503.9652531,6138.518454,0,293.1500006,1.3286209
14.10203563,6.66E-06,4.22E+11,503.9652531,6138.518454,0.5,335.2729905,1.16E+08
14.10203563,6.66E-06,4.22E+11,503.9652531,6138.518454,1,415.340198,3.27E+08
14.10203563,6.66E-06,4.22E+11,503.9652531,6138.518454,1.5,521.3573224,6.02E+08
14.10203563,6.66E-06,4.22E+11,503.9652531,6138.518454,2,648.8348098,9.31E+08
14.10203563,6.66E-06,4.22E+11,503.9652531,6138.518454,2.5,794.2912265,1.31E+09
14.10203563,6.66E-06,4.22E+11,503.9652531,6138.518454,3,955.157588,1.72E+09
14.10203563,6.66E-06,4.22E+11,503.9652531,6138.518454,3.5,1129.787248,2.18E+09
14.10203563,6.66E-06,4.22E+11,503.9652531,6138.518454,4,1317.126592,2.67E+09
14.10203563,6.66E-06,4.22E+11,503.9652531,6138.518454,4.5,1515.803286,3.19E+09
14.10203563,6.66E-06,4.22E+11,503.9652531,6138.518454,5,1712.583012,3.72E+09
14.10203563,6.66E-06,4.22E+11,503.9652531,6138.518454,5.5,1891.281191,4.20E+09
14.10203563,6.66E-06,4.22E+11,503.9652531,6138.518454,6,2040.058064,4.61E+09
14.10203563,6.66E-06,4.22E+11,503.9652531,6138.518454,6.5,2171.507653,4.97E+09
14.10203563,6.66E-06,4.22E+11,503.9652531,6138.518454,7,2289.514949,5.31E+09
14.10203563,6.66E-06,4.22E+11,503.9652531,6138.518454,7.5,2396.70622,5.61E+09
14.10203563,6.66E-06,4.22E+11,503.9652531,6138.518454,8,2494.955504,5.89E+09
14.10203563,6.66E-06,4.22E+11,503.9652531,6138.518454,8.5,2585.753992,6.15E+09
14.10203563,6.66E-06,4.22E+11,503.9652531,6138.518454,9,2670.328036,6.40E+09
14.10203563,6.66E-06,4.22E+11,503.9652531,6138.518454,9.5,2749.981197,6.63E+09
14.10203563,6.66E-06,4.22E+11,503.9652531,6138.518454,10,2824.754071,6.84E+09
14.39853739,6.06E-06,5.46E+11,566.1675765,6620.171738,0,293.1500005,1.29259747
14.39853739,6.06E-06,5.46E+11,566.1675765,6620.171738,0.5,330.8540643,1.24E+08
14.39853739,6.06E-06,5.46E+11,566.1675765,6620.171738,1,402.0787824,3.47E+08
14.39853739,6.06E-06,5.46E+11,566.1675765,6620.171738,1.5,496.8928706,6.37E+08
14.39853739,6.06E-06,5.46E+11,566.1675765,6620.171738,2,610.819137,9.84E+08
14.39853739,6.06E-06,5.46E+11,566.1675765,6620.171738,2.5,741.2065198,1.38E+09
14.39853739,6.06E-06,5.46E+11,566.1675765,6620.171738,3,885.51401,1.82E+09
14.39853739,6.06E-06,5.46E+11,566.1675765,6620.171738,3.5,1042.637425,2.30E+09
14.39853739,6.06E-06,5.46E+11,566.1675765,6620.171738,4,1211.580422,2.82E+09
14.39853739,6.06E-06,5.46E+11,566.1675765,6620.171738,4.5,1390.861735,3.37E+09
14.39853739,6.06E-06,5.46E+11,566.1675765,6620.171738,5,1577.112541,3.95E+09
14.39853739,6.06E-06,5.46E+11,566.1675765,6620.171738,5.5,1736.854308,4.45E+09
14.39853739,6.06E-06,5.46E+11,566.1675765,6620.171738,6,1872.975031,4.89E+09
14.39853739,6.06E-06,5.46E+11,566.1675765,6620.171738,6.5,1993.656022,5.28E+09
14.39853739,6.06E-06,5.46E+11,566.1675765,6620.171738,7,2102.454001,5.64E+09
14.39853739,6.06E-06,5.46E+11,566.1675765,6620.171738,7.5,2201.675724,5.97E+09
14.39853739,6.06E-06,5.46E+11,566.1675765,6620.171738,8,2293.454432,6.28E+09
14.39853739,6.06E-06,5.46E+11,566.1675765,6620.171738,8.5,2378.694528,6.56E+09
14.39853739,6.06E-06,5.46E+11,566.1675765,6620.171738,9,2458.519607,6.83E+09
14.39853739,6.06E-06,5.46E+11,566.1675765,6620.171738,9.5,2532.912811,7.08E+09
14.39853739,6.06E-06,5.46E+11,566.1675765,6620.171738,10,2603.17494,7.32E+09
6.196875175,6.19E-06,5.06E+11,606.8214236,7102.712758,0,293.1500004,1.063845146
6.196875175,6.19E-06,5.06E+11,606.8214236,7102.712758,0.5,345.6316386,1.66E+08
6.196875175,6.19E-06,5.06E+11,606.8214236,7102.712758,1,444.4769013,4.75E+08
6.196875175,6.19E-06,5.06E+11,606.8214236,7102.712758,1.5,573.9321954,8.69E+08
6.196875175,6.19E-06,5.06E+11,606.8214236,7102.712758,2,729.2572237,1.33E+09
6.196875175,6.19E-06,5.06E+11,606.8214236,7102.712758,2.5,907.3896286,1.86E+09
6.196875175,6.19E-06,5.06E+11,606.8214236,7102.712758,3,1105.603676,2.43E+09
6.196875175,6.19E-06,5.06E+11,606.8214236,7102.712758,3.5,1322.740174,3.06E+09
6.196875175,6.19E-06,5.06E+11,606.8214236,7102.712758,4,1557.738689,3.74E+09
6.196875175,6.19E-06,5.06E+11,606.8214236,7102.712758,4.5,1808.894706,4.46E+09
6.196875175,6.19E-06,5.06E+11,606.8214236,7102.712758,5,2071.800132,5.22E+09
6.196875175,6.19E-06,5.06E+11,606.8214236,7102.712758,5.5,2300.032035,5.87E+09
6.196875175,6.19E-06,5.06E+11,606.8214236,7102.712758,6,2498.323189,6.43E+09
6.196875175,6.19E-06,5.06E+11,606.8214236,7102.712758,6.5,2678.786971,6.94E+09
6.196875175,6.19E-06,5.06E+11,606.8214236,7102.712758,7,2845.976926,7.42E+09
6.196875175,6.19E-06,5.06E+11,606.8214236,7102.712758,7.5,3002.454761,7.87E+09
6.196875175,6.19E-06,5.06E+11,606.8214236,7102.712758,8,3150.170791,8.30E+09
6.196875175,6.19E-06,5.06E+11,606.8214236,7102.712758,8.5,3290.268331,8.71E+09
6.196875175,6.19E-06,5.06E+11,606.8214236,7102.712758,9,3423.483989,9.11E+09
6.196875175,6.19E-06,5.06E+11,606.8214236,7102.712758,9.5,3549.972036,9.49E+09
6.196875175,6.19E-06,5.06E+11,606.8214236,7102.712758,10,3671.158338,9.85E+09
9.75716681,8.01E-06,5.15E+11,570.7192415,7735.402173,0,293.1500004,1.365029595
9.75716681,8.01E-06,5.15E+11,570.7192415,7735.402173,0.5,334.850346,1.73E+08
9.75716681,8.01E-06,5.15E+11,570.7192415,7735.402173,1,413.0619307,4.87E+08
9.75716681,8.01E-06,5.15E+11,570.7192415,7735.402173,1.5,516.7551843,8.91E+08
9.75716681,8.01E-06,5.15E+11,570.7192415,7735.402173,2,641.3543283,1.37E+09
9.75716681,8.01E-06,5.15E+11,570.7192415,7735.402173,2.5,783.9892534,1.91E+09
9.75716681,8.01E-06,5.15E+11,570.7192415,7735.402173,3,942.9344401,2.51E+09
9.75716681,8.01E-06,5.15E+11,570.7192415,7735.402173,3.5,1117.113096,3.17E+09
9.75716681,8.01E-06,5.15E+11,570.7192415,7735.402173,4,1305.0665,3.88E+09
9.75716681,8.01E-06,5.15E+11,570.7192415,7735.402173,4.5,1505.900264,4.64E+09
9.75716681,8.01E-06,5.15E+11,570.7192415,7735.402173,5,1706.942846,5.40E+09
9.75716681,8.01E-06,5.15E+11,570.7192415,7735.402173,5.5,1889.551646,6.10E+09
9.75716681,8.01E-06,5.15E+11,570.7192415,7735.402173,6,2047.051283,6.70E+09
9.75716681,8.01E-06,5.15E+11,570.7192415,7735.402173,6.5,2189.294094,7.25E+09
9.75716681,8.01E-06,5.15E+11,570.7192415,7735.402173,7,2319.95797,7.76E+09
9.75716681,8.01E-06,5.15E+11,570.7192415,7735.402173,7.5,2440.934005,8.23E+09
9.75716681,8.01E-06,5.15E+11,570.7192415,7735.402173,8,2553.730093,8.68E+09
9.75716681,8.01E-06,5.15E+11,570.7192415,7735.402173,8.5,2659.480766,9.11E+09
9.75716681,8.01E-06,5.15E+11,570.7192415,7735.402173,9,2759.067579,9.51E+09
9.75716681,8.01E-06,5.15E+11,570.7192415,7735.402173,9.5,2853.311528,9.90E+09
9.75716681,8.01E-06,5.15E+11,570.7192415,7735.402173,10,2942.984449,1.03E+10
24.37737841,7.03E-06,4.56E+11,693.0679274,6481.787703,0,293.1500004,1.04352548
24.37737841,7.03E-06,4.56E+11,693.0679274,6481.787703,0.5,319.8639976,8.36E+07
24.37737841,7.03E-06,4.56E+11,693.0679274,6481.787703,1,370.5669567,2.35E+08
24.37737841,7.03E-06,4.56E+11,693.0679274,6481.787703,1.5,438.0492865,4.34E+08
24.37737841,7.03E-06,4.56E+11,693.0679274,6481.787703,2,518.8470738,6.72E+08
24.37737841,7.03E-06,4.56E+11,693.0679274,6481.787703,2.5,610.5941792,9.43E+08
24.37737841,7.03E-06,4.56E+11,693.0679274,6481.787703,3,711.868923,1.24E+09
24.37737841,7.03E-06,4.56E+11,693.0679274,6481.787703,3.5,821.8222417,1.57E+09
24.37737841,7.03E-06,4.56E+11,693.0679274,6481.787703,4,939.3440196,1.93E+09
24.37737841,7.03E-06,4.56E+11,693.0679274,6481.787703,4.5,1063.801355,2.30E+09
24.37737841,7.03E-06,4.56E+11,693.0679274,6481.787703,5,1186.981152,2.68E+09
24.37737841,7.03E-06,4.56E+11,693.0679274,6481.787703,5.5,1296.823747,3.02E+09
24.37737841,7.03E-06,4.56E+11,693.0679274,6481.787703,6,1388.999073,3.31E+09
24.37737841,7.03E-06,4.56E+11,693.0679274,6481.787703,6.5,1469.841059,3.57E+09
24.37737841,7.03E-06,4.56E+11,693.0679274,6481.787703,7,1541.983592,3.81E+09
24.37737841,7.03E-06,4.56E+11,693.0679274,6481.787703,7.5,1607.142136,4.02E+09
24.37737841,7.03E-06,4.56E+11,693.0679274,6481.787703,8,1666.598614,4.22E+09
24.37737841,7.03E-06,4.56E+11,693.0679274,6481.787703,8.5,1721.371586,4.40E+09
24.37737841,7.03E-06,4.56E+11,693.0679274,6481.787703,9,1772.230608,4.56E+09
24.37737841,7.03E-06,4.56E+11,693.0679274,6481.787703,9.5,1819.871292,4.72E+09
24.37737841,7.03E-06,4.56E+11,693.0679274,6481.787703,10,1864.827302,4.87E+09
8.816758117,7.36E-06,4.84E+11,529.4692923,7798.335368,0,293.1500004,1.261204186
8.816758117,7.36E-06,4.84E+11,529.4692923,7798.335368,0.5,338.4790881,1.63E+08
8.816758117,7.36E-06,4.84E+11,529.4692923,7798.335368,1,423.7858622,4.59E+08
8.816758117,7.36E-06,4.84E+11,529.4692923,7798.335368,1.5,536.2279879,8.39E+08
8.816758117,7.36E-06,4.84E+11,529.4692923,7798.335368,2,671.5795576,1.29E+09
8.816758117,7.36E-06,4.84E+11,529.4692923,7798.335368,2.5,826.641734,1.80E+09
8.816758117,7.36E-06,4.84E+11,529.4692923,7798.335368,3,999.3769136,2.36E+09
8.816758117,7.36E-06,4.84E+11,529.4692923,7798.335368,3.5,1188.41516,2.98E+09
8.816758117,7.36E-06,4.84E+11,529.4692923,7798.335368,4,1392.641742,3.65E+09
8.816758117,7.36E-06,4.84E+11,529.4692923,7798.335368,4.5,1610.990771,4.36E+09
8.816758117,7.36E-06,4.84E+11,529.4692923,7798.335368,5,1836.674965,5.10E+09
8.816758117,7.36E-06,4.84E+11,529.4692923,7798.335368,5.5,2034.634631,5.75E+09
8.816758117,7.36E-06,4.84E+11,529.4692923,7798.335368,6,2205.49018,6.31E+09
8.816758117,7.36E-06,4.84E+11,529.4692923,7798.335368,6.5,2359.777653,6.82E+09
8.816758117,7.36E-06,4.84E+11,529.4692923,7798.335368,7,2501.499104,7.30E+09
8.816758117,7.36E-06,4.84E+11,529.4692923,7798.335368,7.5,2632.95144,7.75E+09
8.816758117,7.36E-06,4.84E+11,529.4692923,7798.335368,8,2756.178077,8.17E+09
8.816758117,7.36E-06,4.84E+11,529.4692923,7798.335368,8.5,2871.874897,8.57E+09
8.816758117,7.36E-06,4.84E+11,529.4692923,7798.335368,9,2981.226319,8.95E+09
8.816758117,7.36E-06,4.84E+11,529.4692923,7798.335368,9.5,3084.10854,9.31E+09
8.816758117,7.36E-06,4.84E+11,529.4692923,7798.335368,10,3182.088044,9.66E+09
23.20190384,7.00E-06,4.29E+11,530.1608189,7619.424277,0,293.1500004,1.085910073
23.20190384,7.00E-06,4.29E+11,530.1608189,7619.424277,0.5,322.074824,8.45E+07
23.20190384,7.00E-06,4.29E+11,530.1608189,7619.424277,1,377.0096843,2.37E+08
23.20190384,7.00E-06,4.29E+11,530.1608189,7619.424277,1.5,450.0982855,4.39E+08
23.20190384,7.00E-06,4.29E+11,530.1608189,7619.424277,2,537.5303256,6.80E+08
23.20190384,7.00E-06,4.29E+11,530.1608189,7619.424277,2.5,636.708541,9.55E+08
23.20190384,7.00E-06,4.29E+11,530.1608189,7619.424277,3,746.0813276,1.26E+09
23.20190384,7.00E-06,4.29E+11,530.1608189,7619.424277,3.5,864.7278081,1.59E+09
23.20190384,7.00E-06,4.29E+11,530.1608189,7619.424277,4,991.445977,1.95E+09
23.20190384,7.00E-06,4.29E+11,530.1608189,7619.424277,4.5,1125.553996,2.33E+09
23.20190384,7.00E-06,4.29E+11,530.1608189,7619.424277,5,1258.161265,2.71E+09
23.20190384,7.00E-06,4.29E+11,530.1608189,7619.424277,5.5,1376.213079,3.06E+09
23.20190384,7.00E-06,4.29E+11,530.1608189,7619.424277,6,1475.120938,3.35E+09
23.20190384,7.00E-06,4.29E+11,530.1608189,7619.424277,6.5,1561.600044,3.61E+09
23.20190384,7.00E-06,4.29E+11,530.1608189,7619.424277,7,1638.560779,3.84E+09
23.20190384,7.00E-06,4.29E+11,530.1608189,7619.424277,7.5,1708.024985,4.06E+09
23.20190384,7.00E-06,4.29E+11,530.1608189,7619.424277,8,1771.342733,4.25E+09
23.20190384,7.00E-06,4.29E+11,530.1608189,7619.424277,8.5,1829.630503,4.43E+09
23.20190384,7.00E-06,4.29E+11,530.1608189,7619.424277,9,1883.727165,4.60E+09
23.20190384,7.00E-06,4.29E+11,530.1608189,7619.424277,9.5,1934.424909,4.76E+09
23.20190384,7.00E-06,4.29E+11,530.1608189,7619.424277,10,1982.211345,4.91E+09
19.91768537,7.60E-06,5.38E+11,662.0768153,7968.791362,0,293.1500003,1.133346851
19.91768537,7.60E-06,5.38E+11,662.0768153,7968.791362,0.5,320.1572317,1.09E+08
19.91768537,7.60E-06,5.38E+11,662.0768153,7968.791362,1,371.1649174,3.07E+08
19.91768537,7.60E-06,5.38E+11,662.0768153,7968.791362,1.5,439.0614968,5.63E+08
19.91768537,7.60E-06,5.38E+11,662.0768153,7968.791362,2,520.6520931,8.70E+08
19.91768537,7.60E-06,5.38E+11,662.0768153,7968.791362,2.5,613.783737,1.22E+09
19.91768537,7.60E-06,5.38E+11,662.0768153,7968.791362,3,717.1318961,1.61E+09
19.91768537,7.60E-06,5.38E+11,662.0768153,7968.791362,3.5,829.8772397,2.03E+09
19.91768537,7.60E-06,5.38E+11,662.0768153,7968.791362,4,950.9334979,2.49E+09
19.91768537,7.60E-06,5.38E+11,662.0768153,7968.791362,4.5,1079.660005,2.98E+09
19.91768537,7.60E-06,5.38E+11,662.0768153,7968.791362,5,1207.765019,3.47E+09
19.91768537,7.60E-06,5.38E+11,662.0768153,7968.791362,5.5,1323.072443,3.92E+09
19.91768537,7.60E-06,5.38E+11,662.0768153,7968.791362,6,1421.120665,4.31E+09
19.91768537,7.60E-06,5.38E+11,662.0768153,7968.791362,6.5,1508.305494,4.66E+09
19.91768537,7.60E-06,5.38E+11,662.0768153,7968.791362,7,1587.137063,4.97E+09
19.91768537,7.60E-06,5.38E+11,662.0768153,7968.791362,7.5,1658.967367,5.27E+09
19.91768537,7.60E-06,5.38E+11,662.0768153,7968.791362,8,1725.033317,5.54E+09
19.91768537,7.60E-06,5.38E+11,662.0768153,7968.791362,8.5,1786.344563,5.79E+09
19.91768537,7.60E-06,5.38E+11,662.0768153,7968.791362,9,1843.534933,6.03E+09
19.91768537,7.60E-06,5.38E+11,662.0768153,7968.791362,9.5,1897.224842,6.26E+09
19.91768537,7.60E-06,5.38E+11,662.0768153,7968.791362,10,1948.05073,6.47E+09
15.19704087,7.10E-06,4.96E+11,619.950146,7938.706535,0,293.1500004,1.046118773
15.19704087,7.10E-06,4.96E+11,619.950146,7938.706535,0.5,325.0154885,1.12E+08
15.19704087,7.10E-06,4.96E+11,619.950146,7938.706535,1,385.0236173,3.14E+08
15.19704087,7.10E-06,4.96E+11,619.950146,7938.706535,1.5,464.8115205,5.76E+08
15.19704087,7.10E-06,4.96E+11,619.950146,7938.706535,2,560.748837,8.87E+08
15.19704087,7.10E-06,4.96E+11,619.950146,7938.706535,2.5,670.4478672,1.24E+09
15.19704087,7.10E-06,4.96E+11,619.950146,7938.706535,3,792.4403274,1.64E+09
15.19704087,7.10E-06,4.96E+11,619.950146,7938.706535,3.5,925.807569,2.07E+09
15.19704087,7.10E-06,4.96E+11,619.950146,7938.706535,4,1069.320414,2.53E+09
15.19704087,7.10E-06,4.96E+11,619.950146,7938.706535,4.5,1222.240719,3.03E+09
15.19704087,7.10E-06,4.96E+11,619.950146,7938.706535,5,1374.813627,3.53E+09
15.19704087,7.10E-06,4.96E+11,619.950146,7938.706535,5.5,1512.708658,3.98E+09
15.19704087,7.10E-06,4.96E+11,619.950146,7938.706535,6,1630.719545,4.38E+09
15.19704087,7.10E-06,4.96E+11,619.950146,7938.706535,6.5,1736.348948,4.74E+09
15.19704087,7.10E-06,4.96E+11,619.950146,7938.706535,7,1832.461921,5.07E+09
15.19704087,7.10E-06,4.96E+11,619.950146,7938.706535,7.5,1920.591528,5.37E+09
15.19704087,7.10E-06,4.96E+11,619.950146,7938.706535,8,2002.055581,5.66E+09
15.19704087,7.10E-06,4.96E+11,619.950146,7938.706535,8.5,2077.854264,5.93E+09
15.19704087,7.10E-06,4.96E+11,619.950146,7938.706535,9,2148.772409,6.18E+09
15.19704087,7.10E-06,4.96E+11,619.950146,7938.706535,9.5,2215.56559,6.42E+09
15.19704087,7.10E-06,4.96E+11,619.950146,7938.706535,10,2278.95842,6.64E+09
16.96692687,8.76E-06,4.84E+11,500.7052402,7982.085467,0,293.1500004,1.552010159
16.96692687,8.76E-06,4.84E+11,500.7052402,7982.085467,0.5,326.8703809,1.41E+08
16.96692687,8.76E-06,4.84E+11,500.7052402,7982.085467,1,390.6618605,3.96E+08
16.96692687,8.76E-06,4.84E+11,500.7052402,7982.085467,1.5,475.6021277,7.28E+08
16.96692687,8.76E-06,4.84E+11,500.7052402,7982.085467,2,577.5929922,1.12E+09
16.96692687,8.76E-06,4.84E+11,500.7052402,7982.085467,2.5,694.186807,1.58E+09
16.96692687,8.76E-06,4.84E+11,500.7052402,7982.085467,3,823.0497024,2.08E+09
16.96692687,8.76E-06,4.84E+11,500.7052402,7982.085467,3.5,963.1786476,2.63E+09
16.96692687,8.76E-06,4.84E+11,500.7052402,7982.085467,4,1113.672218,3.23E+09
16.96692687,8.76E-06,4.84E+11,500.7052402,7982.085467,4.5,1273.196913,3.86E+09
16.96692687,8.76E-06,4.84E+11,500.7052402,7982.085467,5,1438.737441,4.52E+09
16.96692687,8.76E-06,4.84E+11,500.7052402,7982.085467,5.5,1580.318716,5.09E+09
16.96692687,8.76E-06,4.84E+11,500.7052402,7982.085467,6,1700.535467,5.59E+09
16.96692687,8.76E-06,4.84E+11,500.7052402,7982.085467,6.5,1806.70194,6.04E+09
16.96692687,8.76E-06,4.84E+11,500.7052402,7982.085467,7,1902.077753,6.44E+09
16.96692687,8.76E-06,4.84E+11,500.7052402,7982.085467,7.5,1988.867291,6.81E+09
16.96692687,8.76E-06,4.84E+11,500.7052402,7982.085467,8,2069.017346,7.16E+09
16.96692687,8.76E-06,4.84E+11,500.7052402,7982.085467,8.5,2143.272366,7.48E+09
16.96692687,8.76E-06,4.84E+11,500.7052402,7982.085467,9,2212.724015,7.78E+09
16.96692687,8.76E-06,4.84E+11,500.7052402,7982.085467,9.5,2277.342864,8.06E+09
16.96692687,8.76E-06,4.84E+11,500.7052402,7982.085467,10,2338.349261,8.33E+09
10.67995103,7.94E-06,5.35E+11,520.9125386,7193.874727,0,293.1500005,1.656931877
10.67995103,7.94E-06,5.35E+11,520.9125386,7193.874727,0.5,336.6396704,1.85E+08
10.67995103,7.94E-06,5.35E+11,520.9125386,7193.874727,1,418.747215,5.20E+08
10.67995103,7.94E-06,5.35E+11,520.9125386,7193.874727,1.5,527.2560864,9.50E+08
10.67995103,7.94E-06,5.35E+11,520.9125386,7193.874727,2,657.9839931,1.46E+09
10.67995103,7.94E-06,5.35E+11,520.9125386,7193.874727,2.5,807.6547782,2.05E+09
10.67995103,7.94E-06,5.35E+11,520.9125386,7193.874727,3,974.1241202,2.69E+09
10.67995103,7.94E-06,5.35E+11,520.9125386,7193.874727,3.5,1155.946417,3.40E+09
10.67995103,7.94E-06,5.35E+11,520.9125386,7193.874727,4,1351.957791,4.17E+09
10.67995103,7.94E-06,5.35E+11,520.9125386,7193.874727,4.5,1561.05275,4.99E+09
10.67995103,7.94E-06,5.35E+11,520.9125386,7193.874727,5,1776.682314,5.84E+09
10.67995103,7.94E-06,5.35E+11,520.9125386,7193.874727,5.5,1965.126862,6.58E+09
10.67995103,7.94E-06,5.35E+11,520.9125386,7193.874727,6,2126.686221,7.23E+09
10.67995103,7.94E-06,5.35E+11,520.9125386,7193.874727,6.5,2271.417578,7.82E+09
10.67995103,7.94E-06,5.35E+11,520.9125386,7193.874727,7,2403.239511,8.36E+09
10.67995103,7.94E-06,5.35E+11,520.9125386,7193.874727,7.5,2524.526495,8.87E+09
10.67995103,7.94E-06,5.35E+11,520.9125386,7193.874727,8,2636.961266,9.34E+09
10.67995103,7.94E-06,5.35E+11,520.9125386,7193.874727,8.5,2742.393425,9.78E+09
10.67995103,7.94E-06,5.35E+11,520.9125386,7193.874727,9,2841.132298,1.02E+10
10.67995103,7.94E-06,5.35E+11,520.9125386,7193.874727,9.5,2934.302969,1.06E+10
10.67995103,7.94E-06,5.35E+11,520.9125386,7193.874727,10,3021.999015,1.10E+10
5.841050898,8.06E-06,5.43E+11,644.745868,8121.929687,0,293.1500003,1.223272166
5.841050898,8.06E-06,5.43E+11,644.745868,8121.929687,0.5,342.0991243,2.15E+08
5.841050898,8.06E-06,5.43E+11,644.745868,8121.929687,1,433.6247862,6.20E+08
5.841050898,8.06E-06,5.43E+11,644.745868,8121.929687,1.5,553.7151214,1.14E+09
5.841050898,8.06E-06,5.43E+11,644.745868,8121.929687,2,697.6971773,1.75E+09
5.841050898,8.06E-06,5.43E+11,644.745868,8121.929687,2.5,862.3032152,2.43E+09
5.841050898,8.06E-06,5.43E+11,644.745868,8121.929687,3,1045.573056,3.19E+09
5.841050898,8.06E-06,5.43E+11,644.745868,8121.929687,3.5,1246.264836,4.01E+09
5.841050898,8.06E-06,5.43E+11,644.745868,8121.929687,4,1463.383072,4.89E+09
5.841050898,8.06E-06,5.43E+11,644.745868,8121.929687,4.5,1695.983033,5.83E+09
5.841050898,8.06E-06,5.43E+11,644.745868,8121.929687,5,1936.129965,6.80E+09
5.841050898,8.06E-06,5.43E+11,644.745868,8121.929687,5.5,2143.79211,7.62E+09
5.841050898,8.06E-06,5.43E+11,644.745868,8121.929687,6,2328.068963,8.34E+09
5.841050898,8.06E-06,5.43E+11,644.745868,8121.929687,6.5,2495.916767,9.00E+09
5.841050898,8.06E-06,5.43E+11,644.745868,8121.929687,7,2651.862391,9.61E+09
5.841050898,8.06E-06,5.43E+11,644.745868,8121.929687,7.5,2798.32911,1.02E+10
5.841050898,8.06E-06,5.43E+11,644.745868,8121.929687,8,2936.870466,1.07E+10
5.841050898,8.06E-06,5.43E+11,644.745868,8121.929687,8.5,3068.579226,1.13E+10
5.841050898,8.06E-06,5.43E+11,644.745868,8121.929687,9,3194.509876,1.18E+10
5.841050898,8.06E-06,5.43E+11,644.745868,8121.929687,9.5,3315.135928,1.23E+10
5.841050898,8.06E-06,5.43E+11,644.745868,8121.929687,10,3430.908586,1.27E+10
22.93975389,9.26E-06,5.40E+11,622.5946406,6788.654186,0,293.1500004,1.728289044
22.93975389,9.26E-06,5.40E+11,622.5946406,6788.654186,0.5,321.5410336,1.38E+08
22.93975389,9.26E-06,5.40E+11,622.5946406,6788.654186,1,375.4271174,3.89E+08
22.93975389,9.26E-06,5.40E+11,622.5946406,6788.654186,1.5,447.1459044,7.18E+08
22.93975389,9.26E-06,5.40E+11,622.5946406,6788.654186,2,533.0158303,1.11E+09
22.93975389,9.26E-06,5.40E+11,622.5946406,6788.654186,2.5,630.5220949,1.56E+09
22.93975389,9.26E-06,5.40E+11,622.5946406,6788.654186,3,738.1537251,2.06E+09
22.93975389,9.26E-06,5.40E+11,622.5946406,6788.654186,3.5,855.008348,2.61E+09
22.93975389,9.26E-06,5.40E+11,622.5946406,6788.654186,4,979.9061548,3.19E+09
22.93975389,9.26E-06,5.40E+11,622.5946406,6788.654186,4.5,1112.174521,3.82E+09
22.93975389,9.26E-06,5.40E+11,622.5946406,6788.654186,5,1243.084762,4.44E+09
22.93975389,9.26E-06,5.40E+11,622.5946406,6788.654186,5.5,1359.820359,5.00E+09
22.93975389,9.26E-06,5.40E+11,622.5946406,6788.654186,6,1457.800931,5.49E+09
22.93975389,9.26E-06,5.40E+11,622.5946406,6788.654186,6.5,1543.716655,5.92E+09
22.93975389,9.26E-06,5.40E+11,622.5946406,6788.654186,7,1620.354158,6.30E+09
22.93975389,9.26E-06,5.40E+11,622.5946406,6788.654186,7.5,1689.600895,6.66E+09
22.93975389,9.26E-06,5.40E+11,622.5946406,6788.654186,8,1752.7881,6.98E+09
22.93975389,9.26E-06,5.40E+11,622.5946406,6788.654186,8.5,1810.998022,7.28E+09
22.93975389,9.26E-06,5.40E+11,622.5946406,6788.654186,9,1865.048248,7.56E+09
22.93975389,9.26E-06,5.40E+11,622.5946406,6788.654186,9.5,1915.696886,7.82E+09
22.93975389,9.26E-06,5.40E+11,622.5946406,6788.654186,10,1963.466413,8.07E+09
21.81757264,7.27E-06,5.30E+11,576.3075591,6341.081724,0,293.1500005,1.541896041
21.81757264,7.27E-06,5.30E+11,576.3075591,6341.081724,0.5,324.5473845,1.18E+08
21.81757264,7.27E-06,5.30E+11,576.3075591,6341.081724,1,384.2026388,3.31E+08
21.81757264,7.27E-06,5.30E+11,576.3075591,6341.081724,1.5,463.5474266,6.12E+08
21.81757264,7.27E-06,5.30E+11,576.3075591,6341.081724,2,558.4009537,9.48E+08
21.81757264,7.27E-06,5.30E+11,576.3075591,6341.081724,2.5,666.2525772,1.33E+09
21.81757264,7.27E-06,5.30E+11,576.3075591,6341.081724,3,784.7923819,1.76E+09
21.81757264,7.27E-06,5.30E+11,576.3075591,6341.081724,3.5,913.0690746,2.22E+09
21.81757264,7.27E-06,5.30E+11,576.3075591,6341.081724,4,1050.238126,2.72E+09
21.81757264,7.27E-06,5.30E+11,576.3075591,6341.081724,4.5,1195.060631,3.25E+09
21.81757264,7.27E-06,5.30E+11,576.3075591,6341.081724,5,1344.746489,3.80E+09
21.81757264,7.27E-06,5.30E+11,576.3075591,6341.081724,5.5,1471.471866,4.27E+09
21.81757264,7.27E-06,5.30E+11,576.3075591,6341.081724,6,1577.497827,4.68E+09
21.81757264,7.27E-06,5.30E+11,576.3075591,6341.081724,6.5,1669.817349,5.04E+09
21.81757264,7.27E-06,5.30E+11,576.3075591,6341.081724,7,1751.808405,5.36E+09
21.81757264,7.27E-06,5.30E+11,576.3075591,6341.081724,7.5,1825.734601,5.65E+09
21.81757264,7.27E-06,5.30E+11,576.3075591,6341.081724,8,1893.645197,5.92E+09
21.81757264,7.27E-06,5.30E+11,576.3075591,6341.081724,8.5,1956.23038,6.17E+09
21.81757264,7.27E-06,5.30E+11,576.3075591,6341.081724,9,2014.520772,6.40E+09
21.81757264,7.27E-06,5.30E+11,576.3075591,6341.081724,9.5,2068.63881,6.62E+09
21.81757264,7.27E-06,5.30E+11,576.3075591,6341.081724,10,2119.559821,6.82E+09
10.01610463,6.67E-06,5.28E+11,545.1006658,6625.231677,0,293.1500005,1.425214815
10.01610463,6.67E-06,5.28E+11,545.1006658,6625.231677,0.5,338.8687774,1.61E+08
10.01610463,6.67E-06,5.28E+11,545.1006658,6625.231677,1,425.1544246,4.53E+08
10.01610463,6.67E-06,5.28E+11,545.1006658,6625.231677,1.5,539.1600017,8.29E+08
10.01610463,6.67E-06,5.28E+11,545.1006658,6625.231677,2,676.5060497,1.28E+09
10.01610463,6.67E-06,5.28E+11,545.1006658,6625.231677,2.5,833.7734607,1.78E+09
10.01610463,6.67E-06,5.28E+11,545.1006658,6625.231677,3,1008.728324,2.35E+09
10.01610463,6.67E-06,5.28E+11,545.1006658,6625.231677,3.5,1199.863531,2.97E+09
10.01610463,6.67E-06,5.28E+11,545.1006658,6625.231677,4,1405.9641,3.63E+09
10.01610463,6.67E-06,5.28E+11,545.1006658,6625.231677,4.5,1625.875078,4.35E+09
10.01610463,6.67E-06,5.28E+11,545.1006658,6625.231677,5,1852.725356,5.09E+09
10.01610463,6.67E-06,5.28E+11,545.1006658,6625.231677,5.5,2051.082856,5.74E+09
10.01610463,6.67E-06,5.28E+11,545.1006658,6625.231677,6,2221.23934,6.30E+09
10.01610463,6.67E-06,5.28E+11,545.1006658,6625.231677,6.5,2373.797834,6.81E+09
10.01610463,6.67E-06,5.28E+11,545.1006658,6625.231677,7,2512.86836,7.29E+09
10.01610463,6.67E-06,5.28E+11,545.1006658,6625.231677,7.5,2640.926482,7.73E+09
10.01610463,6.67E-06,5.28E+11,545.1006658,6625.231677,8,2759.721079,8.14E+09
10.01610463,6.67E-06,5.28E+11,545.1006658,6625.231677,8.5,2871.187919,8.53E+09
10.01610463,6.67E-06,5.28E+11,545.1006658,6625.231677,9,2975.625084,8.90E+09
10.01610463,6.67E-06,5.28E+11,545.1006658,6625.231677,9.5,3074.193636,9.25E+09
10.01610463,6.67E-06,5.28E+11,545.1006658,6625.231677,10,3166.999371,9.58E+09
11.295513,6.78E-06,4.35E+11,688.4821236,8340.196985,0,293.1500003,0.750393875
11.295513,6.78E-06,4.35E+11,688.4821236,8340.196985,0.5,327.0508349,1.01E+08
11.295513,6.78E-06,4.35E+11,688.4821236,8340.196985,1,390.5798128,2.84E+08
11.295513,6.78E-06,4.35E+11,688.4821236,8340.196985,1.5,474.7081984,5.20E+08
11.295513,6.78E-06,4.35E+11,688.4821236,8340.196985,2,575.7421621,7.99E+08
11.295513,6.78E-06,4.35E+11,688.4821236,8340.196985,2.5,691.3966485,1.11E+09
11.295513,6.78E-06,4.35E+11,688.4821236,8340.196985,3,820.313864,1.46E+09
11.295513,6.78E-06,4.35E+11,688.4821236,8340.196985,3.5,961.6527245,1.85E+09
11.295513,6.78E-06,4.35E+11,688.4821236,8340.196985,4,1114.271532,2.26E+09
11.295513,6.78E-06,4.35E+11,688.4821236,8340.196985,4.5,1277.468527,2.70E+09
11.295513,6.78E-06,4.35E+11,688.4821236,8340.196985,5,1440.972234,3.14E+09
11.295513,6.78E-06,4.35E+11,688.4821236,8340.196985,5.5,1589.660428,3.54E+09
11.295513,6.78E-06,4.35E+11,688.4821236,8340.196985,6,1718.048797,3.89E+09
11.295513,6.78E-06,4.35E+11,688.4821236,8340.196985,6.5,1834.400215,4.21E+09
11.295513,6.78E-06,4.35E+11,688.4821236,8340.196985,7,1941.58704,4.50E+09
11.295513,6.78E-06,4.35E+11,688.4821236,8340.196985,7.5,2041.081,4.78E+09
11.295513,6.78E-06,4.35E+11,688.4821236,8340.196985,8,2134.12081,5.04E+09
11.295513,6.78E-06,4.35E+11,688.4821236,8340.196985,8.5,2221.584968,5.29E+09
11.295513,6.78E-06,4.35E+11,688.4821236,8340.196985,9,2304.235468,5.53E+09
11.295513,6.78E-06,4.35E+11,688.4821236,8340.196985,9.5,2382.807247,5.76E+09
11.295513,6.78E-06,4.35E+11,688.4821236,8340.196985,10,2457.379678,5.97E+09
15.59551045,6.10E-06,5.26E+11,569.6233827,6079.461911,0,293.1500005,1.35438757
15.59551045,6.10E-06,5.26E+11,569.6233827,6079.461911,0.5,330.9931413,1.19E+08
15.59551045,6.10E-06,5.26E+11,569.6233827,6079.461911,1,402.6438907,3.35E+08
15.59551045,6.10E-06,5.26E+11,569.6233827,6079.461911,1.5,498.0528892,6.17E+08
15.59551045,6.10E-06,5.26E+11,569.6233827,6079.461911,2,612.5525563,9.54E+08
15.59551045,6.10E-06,5.26E+11,569.6233827,6079.461911,2.5,743.3448069,1.34E+09
15.59551045,6.10E-06,5.26E+11,569.6233827,6079.461911,3,887.7733541,1.77E+09
15.59551045,6.10E-06,5.26E+11,569.6233827,6079.461911,3.5,1044.704589,2.23E+09
15.59551045,6.10E-06,5.26E+11,569.6233827,6079.461911,4,1213.12209,2.74E+09
15.59551045,6.10E-06,5.26E+11,569.6233827,6079.461911,4.5,1391.52584,3.27E+09
15.59551045,6.10E-06,5.26E+11,569.6233827,6079.461911,5,1576.532234,3.83E+09
15.59551045,6.10E-06,5.26E+11,569.6233827,6079.461911,5.5,1734.5812,4.32E+09
15.59551045,6.10E-06,5.26E+11,569.6233827,6079.461911,6,1868.395704,4.74E+09
15.59551045,6.10E-06,5.26E+11,569.6233827,6079.461911,6.5,1986.267649,5.12E+09
15.59551045,6.10E-06,5.26E+11,569.6233827,6079.461911,7,2091.951317,5.46E+09
15.59551045,6.10E-06,5.26E+11,569.6233827,6079.461911,7.5,2188.022649,5.77E+09
15.59551045,6.10E-06,5.26E+11,569.6233827,6079.461911,8,2276.658003,6.06E+09
15.59551045,6.10E-06,5.26E+11,569.6233827,6079.461911,8.5,2358.653709,6.32E+09
15.59551045,6.10E-06,5.26E+11,569.6233827,6079.461911,9,2435.224282,6.58E+09
15.59551045,6.10E-06,5.26E+11,569.6233827,6079.461911,9.5,2506.49634,6.81E+09
15.59551045,6.10E-06,5.26E+11,569.6233827,6079.461911,10,2573.644762,7.03E+09
10.30952778,8.56E-06,5.11E+11,650.8131654,8310.525679,0,293.1500003,1.182572521
10.30952778,8.56E-06,5.11E+11,650.8131654,8310.525679,0.5,329.6891679,1.61E+08
10.30952778,8.56E-06,5.11E+11,650.8131654,8310.525679,1,398.1483163,4.55E+08
10.30952778,8.56E-06,5.11E+11,650.8131654,8310.525679,1.5,488.7761499,8.33E+08
10.30952778,8.56E-06,5.11E+11,650.8131654,8310.525679,2,597.5974221,1.28E+09
10.30952778,8.56E-06,5.11E+11,650.8131654,8310.525679,2.5,722.1611112,1.78E+09
10.30952778,8.56E-06,5.11E+11,650.8131654,8310.525679,3,861.0155349,2.34E+09
10.30952778,8.56E-06,5.11E+11,650.8131654,8310.525679,3.5,1013.263657,2.96E+09
10.30952778,8.56E-06,5.11E+11,650.8131654,8310.525679,4,1177.687514,3.62E+09
10.30952778,8.56E-06,5.11E+11,650.8131654,8310.525679,4.5,1353.538359,4.32E+09
10.30952778,8.56E-06,5.11E+11,650.8131654,8310.525679,5,1529.75449,5.03E+09
10.30952778,8.56E-06,5.11E+11,650.8131654,8310.525679,5.5,1690.046958,5.67E+09
10.30952778,8.56E-06,5.11E+11,650.8131654,8310.525679,6,1828.522653,6.22E+09
10.30952778,8.56E-06,5.11E+11,650.8131654,8310.525679,6.5,1954.073171,6.73E+09
10.30952778,8.56E-06,5.11E+11,650.8131654,8310.525679,7,2069.831188,7.20E+09
10.30952778,8.56E-06,5.11E+11,650.8131654,8310.525679,7.5,2177.36175,7.65E+09
10.30952778,8.56E-06,5.11E+11,650.8131654,8310.525679,8,2277.991687,8.07E+09
10.30952778,8.56E-06,5.11E+11,650.8131654,8310.525679,8.5,2372.657729,8.47E+09
10.30952778,8.56E-06,5.11E+11,650.8131654,8310.525679,9,2462.079475,8.85E+09
10.30952778,8.56E-06,5.11E+11,650.8131654,8310.525679,9.5,2546.881873,9.21E+09
10.30952778,8.56E-06,5.11E+11,650.8131654,8310.525679,10,2627.788949,9.56E+09
12.93202169,9.01E-06,4.59E+11,516.0592547,8084.68148,0,293.1500004,1.450095341
12.93202169,9.01E-06,4.59E+11,516.0592547,8084.68148,0.5,330.6710838,1.55E+08
12.93202169,9.01E-06,4.59E+11,516.0592547,8084.68148,1,401.3333472,4.34E+08
12.93202169,9.01E-06,4.59E+11,516.0592547,8084.68148,1.5,495.2896885,7.96E+08
12.93202169,9.01E-06,4.59E+11,516.0592547,8084.68148,2,608.2628396,1.23E+09
12.93202169,9.01E-06,4.59E+11,516.0592547,8084.68148,2.5,737.4381476,1.72E+09
12.93202169,9.01E-06,4.59E+11,516.0592547,8084.68148,3,881.0845896,2.26E+09
12.93202169,9.01E-06,4.59E+11,516.0592547,8084.68148,3.5,1038.119277,2.86E+09
12.93202169,9.01E-06,4.59E+11,516.0592547,8084.68148,4,1207.093524,3.50E+09
12.93202169,9.01E-06,4.59E+11,516.0592547,8084.68148,4.5,1387.137646,4.19E+09
12.93202169,9.01E-06,4.59E+11,516.0592547,8084.68148,5,1566.764695,4.88E+09
12.93202169,9.01E-06,4.59E+11,516.0592547,8084.68148,5.5,1729.100504,5.51E+09
12.93202169,9.01E-06,4.59E+11,516.0592547,8084.68148,6,1868.083977,6.06E+09
12.93202169,9.01E-06,4.59E+11,516.0592547,8084.68148,6.5,1992.417015,6.56E+09
12.93202169,9.01E-06,4.59E+11,516.0592547,8084.68148,7,2105.452705,7.01E+09
12.93202169,9.01E-06,4.59E+11,516.0592547,8084.68148,7.5,2209.161895,7.43E+09
12.93202169,9.01E-06,4.59E+11,516.0592547,8084.68148,8,2305.014571,7.83E+09
12.93202169,9.01E-06,4.59E+11,516.0592547,8084.68148,8.5,2394.192473,8.20E+09
12.93202169,9.01E-06,4.59E+11,516.0592547,8084.68148,9,2477.621955,8.55E+09
12.93202169,9.01E-06,4.59E+11,516.0592547,8084.68148,9.5,2556.251675,8.88E+09
12.93202169,9.01E-06,4.59E+11,516.0592547,8084.68148,10,2630.807171,9.19E+09
21.72461052,9.43E-06,4.87E+11,612.7580879,7013.837405,0,293.1500004,1.561168844
21.72461052,9.43E-06,4.87E+11,612.7580879,7013.837405,0.5,322.022633,1.30E+08
21.72461052,9.43E-06,4.87E+11,612.7580879,7013.837405,1,376.7743103,3.64E+08
21.72461052,9.43E-06,4.87E+11,612.7580879,7013.837405,1.5,449.6673675,6.72E+08
21.72461052,9.43E-06,4.87E+11,612.7580879,7013.837405,2,537.0302434,1.04E+09
21.72461052,9.43E-06,4.87E+11,612.7580879,7013.837405,2.5,636.352402,1.46E+09
21.72461052,9.43E-06,4.87E+11,612.7580879,7013.837405,3,746.1154577,1.93E+09
21.72461052,9.43E-06,4.87E+11,612.7580879,7013.837405,3.5,865.4056037,2.44E+09
21.72461052,9.43E-06,4.87E+11,612.7580879,7013.837405,4,993.0253386,2.98E+09
21.72461052,9.43E-06,4.87E+11,612.7580879,7013.837405,4.5,1128.287526,3.57E+09
21.72461052,9.43E-06,4.87E+11,612.7580879,7013.837405,5,1262.314304,4.15E+09
21.72461052,9.43E-06,4.87E+11,612.7580879,7013.837405,5.5,1382.070661,4.68E+09
21.72461052,9.43E-06,4.87E+11,612.7580879,7013.837405,6,1482.861591,5.14E+09
21.72461052,9.43E-06,4.87E+11,612.7580879,7013.837405,6.5,1571.47072,5.54E+09
21.72461052,9.43E-06,4.87E+11,612.7580879,7013.837405,7,1650.750717,5.91E+09
21.72461052,9.43E-06,4.87E+11,612.7580879,7013.837405,7.5,1722.510133,6.24E+09
21.72461052,9.43E-06,4.87E+11,612.7580879,7013.837405,8,1788.084839,6.55E+09
21.72461052,9.43E-06,4.87E+11,612.7580879,7013.837405,8.5,1848.55572,6.84E+09
21.72461052,9.43E-06,4.87E+11,612.7580879,7013.837405,9,1904.744727,7.10E+09
21.72461052,9.43E-06,4.87E+11,612.7580879,7013.837405,9.5,1957.411592,7.35E+09
21.72461052,9.43E-06,4.87E+11,612.7580879,7013.837405,10,2007.105952,7.59E+09
7.945067471,6.01E-06,4.26E+11,604.9161703,7763.847039,0,293.1500004,0.797157689
7.945067471,6.01E-06,4.26E+11,604.9161703,7763.847039,0.5,337.7106759,1.15E+08
7.945067471,6.01E-06,4.26E+11,604.9161703,7763.847039,1,421.4564508,3.27E+08
7.945067471,6.01E-06,4.26E+11,604.9161703,7763.847039,1.5,531.5735811,5.98E+08
7.945067471,6.01E-06,4.26E+11,604.9161703,7763.847039,2,663.9589845,9.18E+08
7.945067471,6.01E-06,4.26E+11,604.9161703,7763.847039,2.5,815.5653105,1.28E+09
7.945067471,6.01E-06,4.26E+11,604.9161703,7763.847039,3,984.504261,1.68E+09
7.945067471,6.01E-06,4.26E+11,604.9161703,7763.847039,3.5,1169.528636,2.11E+09
7.945067471,6.01E-06,4.26E+11,604.9161703,7763.847039,4,1369.622665,2.58E+09
7.945067471,6.01E-06,4.26E+11,604.9161703,7763.847039,4.5,1583.813903,3.09E+09
7.945067471,6.01E-06,4.26E+11,604.9161703,7763.847039,5,1804.721802,3.61E+09
7.945067471,6.01E-06,4.26E+11,604.9161703,7763.847039,5.5,1995.571205,4.05E+09
7.945067471,6.01E-06,4.26E+11,604.9161703,7763.847039,6,2164.746683,4.44E+09
7.945067471,6.01E-06,4.26E+11,604.9161703,7763.847039,6.5,2318.245989,4.80E+09
7.945067471,6.01E-06,4.26E+11,604.9161703,7763.847039,7,2459.963974,5.14E+09
7.945067471,6.01E-06,4.26E+11,604.9161703,7763.847039,7.5,2592.101159,5.46E+09
7.945067471,6.01E-06,4.26E+11,604.9161703,7763.847039,8,2716.134236,5.76E+09
7.945067471,6.01E-06,4.26E+11,604.9161703,7763.847039,8.5,2833.135484,6.04E+09
7.945067471,6.01E-06,4.26E+11,604.9161703,7763.847039,9,2944.258258,6.31E+09
7.945067471,6.01E-06,4.26E+11,604.9161703,7763.847039,9.5,3049.870465,6.58E+09
7.945067471,6.01E-06,4.26E+11,604.9161703,7763.847039,10,3150.625044,6.83E+09
